personId,name,birthYear,deathYear
nm0290358,Richard Francis-Bruce,1948,NULL
nm0000209,Tim Robbins,1958,NULL
nm0000151,Morgan Freeman,1937,NULL
nm0348409,Bob Gunton,1945,NULL
nm0006669,William Sadler,1950,NULL
nm0001104,Frank Darabont,1959,NULL
nm0000175,Stephen King,1947,NULL
nm0555550,Niki Marvin,NULL,NULL
nm0002353,Thomas Newman,1955,NULL
nm0005683,Roger Deakins,1949,NULL
nm0722000,William Reynolds,1910,1997
nm0000008,Marlon Brando,1924,2004
nm0000199,Al Pacino,1940,NULL
nm0001001,James Caan,1940,2022
nm0000473,Diane Keaton,1946,NULL
nm0000338,Francis Ford Coppola,1939,NULL
nm0701374,Mario Puzo,1920,1999
nm0748665,Albert S. Ruddy,1930,NULL
nm0000065,Nino Rota,1911,1979
nm0932336,Gordon Willis,1931,2014
nm0002354,John Williams,1932,NULL
nm0000553,Liam Neeson,1952,NULL
nm0000146,Ralph Fiennes,1962,NULL
nm0001426,Ben Kingsley,1943,NULL
nm0328751,Caroline Goodall,1959,NULL
nm0000229,Steven Spielberg,1946,NULL
nm0447745,Thomas Keneally,1935,NULL
nm0001873,Steven Zaillian,1953,NULL
nm0527322,Branko Lustig,1932,2019
nm0596520,Gerald R. Molen,1935,NULL
nm0548943,Richard Marks,1943,2018
nm0000134,Robert De Niro,1943,NULL
nm0000380,Robert Duvall,1931,NULL
nm0539794,Barry Malkin,1938,2019
nm0000020,Henry Fonda,1905,1982
nm0002011,Lee J. Cobb,1911,1976
nm0000842,Martin Balsam,1919,1996
nm0275835,John Fiedler,1925,2005
nm0001486,Sidney Lumet,1924,2011
nm0741627,Reginald Rose,1920,2002
nm0006132,Kenyon Hopkins,1912,1983
nm0442100,Boris Kaufman,1906,1980
nm0503594,Carl Lerner,1912,1973
nm0746273,Charles Roven,1949,NULL
nm0000288,Christian Bale,1974,NULL
nm0005132,Heath Ledger,1979,2008
nm0001173,Aaron Eckhart,1968,NULL
nm0000323,Michael Caine,1933,NULL
nm0634240,Christopher Nolan,1970,NULL
nm0634300,Jonathan Nolan,1976,NULL
nm0275286,David S. Goyer,1965,NULL
nm0004170,Bob Kane,1915,1998
nm0650038,Lorne Orleans,NULL,NULL
nm0651614,Barrie M. Osborne,1944,NULL
nm0000704,Elijah Wood,1981,NULL
nm0001557,Viggo Mortensen,1958,NULL
nm0005212,Ian McKellen,1939,NULL
nm0089217,Orlando Bloom,1977,NULL
nm0001392,Peter Jackson,1961,NULL
nm0866058,J.R.R. Tolkien,1892,1973
nm0909638,Fran Walsh,1959,NULL
nm0101991,Philippa Boyens,NULL,NULL
nm8662749,Eric Monette,1967,NULL
nm0913300,David Wasco,NULL,NULL
nm0000237,John Travolta,1954,NULL
nm0000235,Uma Thurman,1970,NULL
nm0000168,Samuel L. Jackson,1948,NULL
nm0000246,Bruce Willis,1955,NULL
nm0000233,Quentin Tarantino,1963,NULL
nm0000812,Roger Avary,1965,NULL
nm0004744,Lawrence Bender,1957,NULL
nm0782900,Andrzej Sekula,NULL,NULL
nm0579673,Sally Menke,1953,2010
nm0801728,Stephen Sinclair,NULL,NULL
nm0513165,Art Linson,1942,NULL
nm0000093,Brad Pitt,1963,NULL
nm0001570,Edward Norton,1969,NULL
nm0001533,Meat Loaf,1947,2022
nm0340260,Zach Grenier,NULL,NULL
nm0000399,David Fincher,1962,NULL
nm0657333,Chuck Palahniuk,1962,NULL
nm0880243,Jim Uhls,1957,NULL
nm0068501,Ross Grayson Bell,NULL,NULL
nm0149556,Ceán Chaffin,1957,NULL
nm0001553,Ennio Morricone,1928,2020
nm0000142,Clint Eastwood,1930,NULL
nm0908919,Eli Wallach,1915,2014
nm0001812,Lee Van Cleef,1925,1989
nm0321294,Aldo Giuffrè,1924,2010
nm0001466,Sergio Leone,1929,1989
nm0898812,Luciano Vincenzoni,1926,2013
nm0408488,Agenore Incrocci,1919,2005
nm0769249,Furio Scarpelli,1919,2010
nm0342090,Alberto Grimaldi,1925,2021
nm0761744,Tim Sanders,NULL,NULL
nm0000293,Sean Bean,1959,NULL
nm0245596,Guy Hendrix Dyas,1968,NULL
nm0000138,Leonardo DiCaprio,1974,NULL
nm0330687,Joseph Gordon-Levitt,1981,NULL
nm0680983,Elliot Page,1987,NULL
nm0913822,Ken Watanabe,1959,NULL
nm0858799,Emma Thomas,1971,NULL
nm0001877,Hans Zimmer,1957,NULL
nm0002892,Wally Pfister,1961,NULL
nm0809059,Lee Smith,1960,NULL
nm5701899,Philomin Raj,NULL,NULL
nm1421814,Suriya,1975,NULL
nm7934649,Lijo Mol Jose,1992,NULL
nm8904193,Manikandan K.,NULL,NULL
nm8135195,Rajisha Vijayan,1991,NULL
nm4377096,T.J. Gnanavel,NULL,NULL
nm13222819,Rajendra Sapre,NULL,NULL
nm0433392,Jyotika,1978,NULL
nm6353027,Sean Roldan,NULL,NULL
nm3591972,S.R. Kathir,NULL,NULL
nm0005494,Steve Tisch,1949,NULL
nm0000158,Tom Hanks,1956,NULL
nm0000705,Robin Wright,1966,NULL
nm0000641,Gary Sinise,1955,NULL
nm0000398,Sally Field,1946,NULL
nm0000709,Robert Zemeckis,1952,NULL
nm0343165,Winston Groom,1943,2020
nm0744839,Eric Roth,1945,NULL
nm0277704,Wendy Finerman,1961,NULL
nm0823330,Steve Starkey,NULL,NULL
nm0564768,Rick McCallum,1950,NULL
nm0000434,Mark Hamill,NULL,NULL
nm0000148,Harrison Ford,1942,NULL
nm0000402,Carrie Fisher,1956,2016
nm0001850,Billy Dee Williams,1937,NULL
nm0449984,Irvin Kershner,1923,2010
nm0102824,Leigh Brackett,1915,1978
nm0001410,Lawrence Kasdan,1949,NULL
nm0000184,George Lucas,1944,NULL
nm0476030,Gary Kurtz,1940,2018
nm0821205,Zach Staenberg,1954,NULL
nm0000206,Keanu Reeves,1964,NULL
nm0000401,Laurence Fishburne,1961,NULL
nm0005251,Carrie-Anne Moss,1967,NULL
nm0915989,Hugo Weaving,1960,NULL
nm0905154,Lana Wachowski,1965,NULL
nm0905152,Lilly Wachowski,1967,NULL
nm0005428,Joel Silver,1952,NULL
nm0204485,Don Davis,1957,NULL
nm0691084,Bill Pope,1952,NULL
nm0000140,Michael Douglas,1944,NULL
nm0000197,Jack Nicholson,1937,NULL
nm0001221,Louise Fletcher,1934,2022
nm0077720,Michael Berryman,1948,NULL
nm0110480,Peter Brocco,1903,1992
nm0001232,Milos Forman,1932,2018
nm0369142,Lawrence Hauben,1931,1985
nm0325743,Bo Goldman,1932,NULL
nm0450181,Ken Kesey,1935,2001
nm0913670,Dale Wasserman,1914,2008
nm0774817,Thelma Schoonmaker,1940,NULL
nm0000501,Ray Liotta,1954,2022
nm0000582,Joe Pesci,1943,NULL
nm0000966,Lorraine Bracco,1954,NULL
nm0000217,Martin Scorsese,1942,NULL
nm0683380,Nicholas Pileggi,1933,NULL
nm0005563,Irwin Winkler,1931,NULL
nm0000841,Michael Ballhaus,1935,2017
nm0477158,James Y. Kwei,NULL,NULL
nm0005686,Tonino Delli Colli,1922,2005
nm0000905,Roberto Benigni,1952,NULL
nm0000971,Nicoletta Braschi,1960,NULL
nm0134493,Giorgio Cantarini,1992,NULL
nm0243842,Giustino Durano,1923,2002
nm0148437,Vincenzo Cerami,1940,2013
nm0105346,Gianluigi Braschi,1963,2008
nm0001897,John M. Davis,NULL,NULL
nm0274754,Elda Ferri,NULL,NULL
nm0003607,Nicola Piovani,1946,NULL
nm0708723,Mauricio Andrade Ramos,NULL,NULL
nm1179105,Alexandre Rodrigues,1983,NULL
nm1129884,Leandro Firmino,1978,NULL
nm0618690,Matheus Nachtergaele,1969,NULL
nm1249574,Phellipe Haagensen,1984,NULL
nm0576987,Fernando Meirelles,1955,NULL
nm0526199,Kátia Lund,1966,NULL
nm0513130,Paulo Lins,1958,NULL
nm1130251,Bráulio Mantovani,NULL,NULL
nm0053070,Andrea Barata Ribeiro,NULL,NULL
nm0933858,Michael Wilson,1914,1978
nm0000071,James Stewart,1908,1997
nm0001656,Donna Reed,1921,1986
nm0000859,Lionel Barrymore,1878,1954
nm0593775,Thomas Mitchell,1892,1962
nm0001008,Frank Capra,1897,1991
nm0329304,Frances Goodrich,1890,1984
nm0352443,Albert Hackett,1900,1995
nm0842485,Jo Swerling,1893,1964
nm0827821,Philip Van Doren Stern,1900,1984
nm0882588,Kenneth Utt,1921,1994
nm0000149,Jodie Foster,1962,NULL
nm0000164,Anthony Hopkins,1937,NULL
nm0095029,Lawrence A. Bonney,NULL,NULL
nm0501435,Kasi Lemmons,1961,NULL
nm0001129,Jonathan Demme,1944,2017
nm0365383,Thomas Harris,1940,NULL
nm0848217,Ted Tally,1952,NULL
nm0102508,Ron Bozman,NULL,NULL
nm0768324,Edward Saxon,NULL,NULL
nm0233827,Dody Dorn,1955,NULL
nm0000216,Arnold Schwarzenegger,1947,NULL
nm0000157,Linda Hamilton,1956,NULL
nm0000411,Edward Furlong,1977,NULL
nm0001598,Robert Patrick,1958,NULL
nm0000116,James Cameron,1954,NULL
nm0936537,William Wisher,NULL,NULL
nm0006075,Brad Fiedel,1951,NULL
nm0004229,Adam Greenberg,1937,NULL
nm0119322,Conrad Buff IV,1948,NULL
nm0000354,Matt Damon,1970,NULL
nm0001744,Tom Sizemore,1961,2023
nm0122653,Edward Burns,1968,NULL
nm0734441,Robert Rodat,1953,NULL
nm0117290,Ian Bryce,NULL,NULL
nm0330428,Mark Gordon,1956,NULL
nm0506013,Gary Levinsohn,1959,NULL
nm0590799,Yoshio Miyajima,1910,1998
nm0619938,Tatsuya Nakadai,1932,NULL
nm0410968,Akira Ishihama,1935,2022
nm0412615,Shima Iwashita,1941,NULL
nm0848533,Tetsurô Tanba,1922,2006
nm0462030,Masaki Kobayashi,1916,1996
nm0847668,Yasuhiko Takiguchi,1924,2004
nm0368074,Shinobu Hashimoto,1918,2018
nm0396106,Tatsuo Hosoya,NULL,NULL
nm0006316,Tôru Takemitsu,1930,1996
nm0000228,Kevin Spacey,1959,NULL
nm0001825,Andrew Kevin Walker,1964,NULL
nm0138287,Phyllis Carlyle,1942,2022
nm0465745,Arnold Kopelson,1935,2018
nm0006290,Howard Shore,1946,NULL
nm0451787,Darius Khondji,1955,NULL
nm0156816,Richard Chew,1940,NULL
nm0000027,Alec Guinness,1914,2000
nm0852405,Gilbert Taylor,1914,2013
nm0003817,Michael Clarke Duncan,1957,2012
nm0001556,David Morse,1953,NULL
nm0001372,Bonnie Hunt,1961,NULL
nm0883603,David Valdes,1950,NULL
nm0005897,David Tattersall,1960,NULL
nm0645777,Atsushi Okui,NULL,NULL
nm0153738,Daveigh Chase,1990,NULL
nm0687189,Suzanne Pleshette,1937,2008
nm0997115,Miyu Irino,1988,NULL
nm0383708,Rumi Hiiragi,1987,NULL
nm0594503,Hayao Miyazaki,1941,NULL
nm0259689,Donald W. Ernst,1934,2023
nm0005124,John Lasseter,1957,NULL
nm0840699,Toshio Suzuki,1948,NULL
nm0386749,Joe Hisaishi,1950,NULL
nm0887227,Hoyte Van Hoytema,1971,NULL
nm0000190,Matthew McConaughey,1969,NULL
nm0004266,Anne Hathaway,1982,NULL
nm1567113,Jessica Chastain,1977,NULL
nm3237775,Mackenzie Foy,2000,NULL
nm0643553,Lynda Obst,NULL,NULL
nm0620014,Asakazu Nakai,1901,1988
nm0001536,Toshirô Mifune,1920,1997
nm0793766,Takashi Shimura,1905,1982
nm0875477,Keiko Tsushima,1926,2012
nm0793616,Yukiko Shimazaki,1931,NULL
nm0000041,Akira Kurosawa,1910,1998
nm0644823,Hideo Oguni,1904,1996
nm0609404,Sôjirô Motoki,1914,1977
nm0370593,Fumio Hayasaka,1914,1955
nm0374189,Alan Heim,1936,NULL
nm0000350,Beverly D'Angelo,1951,NULL
nm0000497,Jennifer Lien,1974,NULL
nm0443411,Tony Kaye,1952,NULL
nm0571346,David McKenna,1968,NULL
nm0554204,John Morrissey,NULL,NULL
nm0006050,Anne Dudley,1956,NULL
nm0338513,Gerald B. Greenberg,1936,2017
nm0004637,Harry Keramidas,1940,NULL
nm0000150,Michael J. Fox,1961,NULL
nm0000502,Christopher Lloyd,1938,NULL
nm0000670,Lea Thompson,1961,NULL
nm0000417,Crispin Glover,1964,NULL
nm0301826,Bob Gale,1951,NULL
nm0134635,Neil Canton,1948,NULL
nm0006293,Alan Silvestri,1950,NULL
nm0005678,Dean Cundey,1946,NULL
nm0019706,Joan Alison,1901,1992
nm0000007,Humphrey Bogart,1899,1957
nm0000006,Ingrid Bergman,1915,1982
nm0002134,Paul Henreid,1908,1992
nm0001647,Claude Rains,1889,1967
nm0002031,Michael Curtiz,1886,1962
nm0258493,Julius J. Epstein,1909,2000
nm0258525,Philip G. Epstein,1909,1952
nm0462321,Howard Koch,1901,1995
nm0122417,Murray Burnett,1910,1997
nm0004384,Wojciech Kilar,1932,2013
nm0004778,Adrien Brody,1973,NULL
nm0470981,Thomas Kretschmann,1962,NULL
nm0277975,Frank Finlay,1926,2016
nm0288976,Emilia Fox,1974,NULL
nm0000591,Roman Polanski,1933,NULL
nm0367838,Ronald Harwood,1934,2020
nm0844262,Wladyslaw Szpilman,1911,2000
nm0071452,Robert Benmussa,NULL,NULL
nm0764963,Alain Sarde,1952,NULL
nm0786707,Takeshi Seyama,NULL,NULL
nm0851302,Tsutomu Tatsumi,NULL,NULL
nm0794186,Ayano Shiraishi,NULL,NULL
nm0945312,Akemi Yamaguchi,NULL,NULL
nm0794002,Yoshiko Shinohara,NULL,NULL
nm0847223,Isao Takahata,1935,2018
nm0636435,Akiyuki Nosaka,1930,2015
nm0361701,Tôru Hara,1935,NULL
nm2197915,Michio Mamiya,1929,NULL
nm0468710,Nobuo Koyama,NULL,NULL
nm0000314,Charles Bronson,1921,2003
nm0001012,Claudia Cardinale,1938,NULL
nm0001673,Jason Robards,1922,2000
nm0006872,Sergio Donati,1933,NULL
nm0000783,Dario Argento,1940,NULL
nm0000934,Bernardo Bertolucci,1941,2018
nm0607694,Fulvio Morsella,NULL,2002
nm3225654,Justin Hurwitz,1985,NULL
nm1886602,Miles Teller,1987,NULL
nm0799777,J.K. Simmons,1955,NULL
nm2552034,Melissa Benoist,1988,NULL
nm0001663,Paul Reiser,1956,NULL
nm3227090,Damien Chazelle,1985,NULL
nm0089658,Jason Blum,1969,NULL
nm2615685,Helen Estabrook,NULL,NULL
nm0484123,David Lancaster,NULL,NULL
nm1490949,Michel Litvak,NULL,NULL
nm0926824,Douglas Wick,NULL,NULL
nm0000128,Russell Crowe,1964,NULL
nm0001618,Joaquin Phoenix,1974,NULL
nm0001567,Connie Nielsen,1965,NULL
nm0001657,Oliver Reed,1938,1999
nm0000631,Ridley Scott,1937,NULL
nm0291905,David Franzoni,1947,NULL
nm0517589,John Logan,1961,NULL
nm0629933,William Nicholson,1948,NULL
nm0866462,George Tomasini,1909,1964
nm0000578,Anthony Perkins,1932,1992
nm0001463,Janet Leigh,1927,2004
nm0587256,Vera Miles,1929,NULL
nm0001260,John Gavin,1931,2018
nm0000033,Alfred Hitchcock,1899,1980
nm0825010,Joseph Stefano,1922,2006
nm0088645,Robert Bloch,1917,1994
nm0002136,Bernard Herrmann,1911,1975
nm0005852,John L. Russell,1905,1967
nm0191896,Howard Cummings,NULL,NULL
nm0000321,Gabriel Byrne,1950,NULL
nm0001590,Chazz Palminteri,1952,NULL
nm0000286,Stephen Baldwin,1966,NULL
nm0001741,Bryan Singer,1965,NULL
nm0003160,Christopher McQuarrie,1968,NULL
nm0568120,Michael McDonnell,NULL,NULL
nm0653211,John Ottman,1964,NULL
nm0005875,Newton Thomas Sigel,1955,NULL
nm0454752,Graham King,1961,NULL
nm0000242,Mark Wahlberg,1971,NULL
nm1184258,William Monahan,1960,NULL
nm0538320,Alan Mak,1965,NULL
nm0159039,Felix Chong,1968,NULL
nm0340522,Brad Grey,1957,2017
nm0560329,Burny Mattinson,1935,2023
nm0000111,Matthew Broderick,1962,NULL
nm0000460,Jeremy Irons,1948,NULL
nm0000469,James Earl Jones,1931,NULL
nm0000155,Whoopi Goldberg,1955,NULL
nm0021249,Roger Allers,NULL,NULL
nm0591450,Rob Minkoff,1962,NULL
nm0575293,Irene Mecchi,1949,NULL
nm0731271,Jonathan Roberts,NULL,NULL
nm0941314,Linda Woolverton,1952,NULL
nm1133525,Yann Zenou,NULL,NULL
nm0167388,François Cluzet,1955,NULL
nm1082477,Omar Sy,1978,NULL
nm0494504,Anne Le Ny,1962,NULL
nm1109153,Audrey Fleurot,1977,NULL
nm0619923,Olivier Nakache,1973,NULL
nm0865918,Éric Toledano,1971,NULL
nm4778840,Philippe Pozzo di Borgo,1951,NULL
nm1457753,Nicolas Duval Adassovsky,NULL,NULL
nm1552771,Laurent Zeitoun,NULL,NULL
nm0178874,Carmine Coppola,1910,1991
nm0000640,Martin Sheen,1940,NULL
nm0002078,Frederic Forrest,1936,NULL
nm0587518,John Milius,1944,NULL
nm0380282,Michael Herr,1940,2016
nm0175676,Joseph Conrad,1857,1924
nm0041447,Kim Aubry,NULL,NULL
nm0001353,Walter Hill,1942,NULL
nm0000244,Sigourney Weaver,1949,NULL
nm0000643,Tom Skerritt,1933,NULL
nm0000457,John Hurt,1940,2017
nm0001021,Veronica Cartwright,1949,NULL
nm0639321,Dan O'Bannon,1946,2009
nm0795953,Ronald Shusett,1935,NULL
nm0140826,Gordon Carroll,1928,2005
nm0318429,David Giler,1943,2020
nm0000606,Jean Reno,1948,NULL
nm0000198,Gary Oldman,1958,NULL
nm0000204,Natalie Portman,1981,NULL
nm0000732,Danny Aiello,1933,2019
nm0000108,Luc Besson,1959,NULL
nm0785385,Éric Serra,1959,NULL
nm0005636,Thierry Arbogast,1957,NULL
nm0484981,Sylvie Landra,NULL,NULL
nm0917942,Dan Weil,NULL,NULL
nm0000122,Charles Chaplin,1889,1977
nm0156039,Virginia Cherrill,1908,1996
nm5681967,Florence Lee,1864,1933
nm0616729,Harry Myers,1882,1938
nm0139714,Harry Carr,1877,1936
nm0188357,Harry Crocker,1893,1958
nm0689661,Gordon Pollock,1897,1962
nm0005906,Roland Totheroh,1890,1967
nm0305087,Al Ernest Garcia,1887,1938
nm0002104,Paulette Goddard,1910,1990
nm0074788,Henry Bergman,1868,1946
nm0761866,Tiny Sandford,1894,1961
nm0005806,Ira H. Morgan,1889,1959
nm0174682,Chester Conklin,1886,1971
nm0003424,Hank Mann,1887,1971
nm0090008,Stanley Blystone,1894,1956
nm0000038,Grace Kelly,1929,1982
nm0179819,Wendell Corey,1914,1968
nm0728812,Thelma Ritter,1902,1969
nm0371088,John Michael Hayes,1919,2008
nm0941280,Cornell Woolrich,1903,1968
nm0000077,Franz Waxman,1906,1967
nm0122079,Robert Burks,1909,1968
nm0393240,Hong Kyung-pyo,NULL,NULL
nm0814280,Song Kang-ho,1967,NULL
nm1310525,Lee Sun-kyun,1975,NULL
nm1856097,Cho Yeo-jeong,1981,NULL
nm6079248,Choi Woo-sik,1990,NULL
nm0094435,Bong Joon Ho,1969,NULL
nm8243301,Han Jin-won,NULL,NULL
nm10113618,Kwak Sin-ae,NULL,NULL
nm11306825,Moon Yang Kwon,NULL,NULL
nm8885840,Jung Jae-il,NULL,NULL
nm0005721,Blasco Giurato,1941,2022
nm0634159,Philippe Noiret,1930,2006
nm0134073,Enzo Cannavale,1928,2011
nm0041066,Antonella Attili,1963,NULL
nm0199774,Isa Danieli,1937,NULL
nm0868153,Giuseppe Tornatore,1956,NULL
nm0660031,Vanna Paoli,NULL,NULL
nm0188053,Franco Cristaldi,1924,1992
nm0738603,Giovanna Romagnoli,NULL,NULL
nm0432382,David Julyan,NULL,NULL
nm0413168,Hugh Jackman,1968,NULL
nm0424060,Scarlett Johansson,1984,NULL
nm1793993,Christopher Priest,1943,NULL
nm0753083,Aaron Ryder,NULL,NULL
nm0742475,Steven Rosenblum,NULL,NULL
nm0000154,Mel Gibson,1956,NULL
nm0000521,Sophie Marceau,1966,NULL
nm0001526,Patrick McGoohan,1928,2009
nm0005171,Angus Macfadyen,1963,NULL
nm0908824,Randall Wallace,1949,NULL
nm0202704,Bruce Davey,NULL,NULL
nm0480440,Alan Ladd Jr.,1937,2022
nm0000035,James Horner,1953,2015
nm0001799,John Toll,1952,NULL
nm0005911,Jost Vacano,1934,NULL
nm0001638,Jürgen Prochnow,1941,NULL
nm0344963,Herbert Grönemeyer,1956,NULL
nm0921044,Klaus Wennemann,1940,2000
nm0071059,Hubertus Bengsch,1952,NULL
nm0000583,Wolfgang Petersen,1941,2022
nm0118164,Lothar G. Buchheim,1918,2007
nm0007156,Ortwin Freyermuth,NULL,NULL
nm0737582,Günter Rohrbach,1928,NULL
nm0006041,Klaus Doldinger,1936,NULL
nm0005633,John Alcott,1930,1986
nm0001167,Shelley Duvall,1949,NULL
nm0515950,Danny Lloyd,1972,NULL
nm0001079,Scatman Crothers,1910,1986
nm0000040,Stanley Kubrick,1928,1999
nm0424956,Diane Johnson,1934,NULL
nm0137793,Wendy Carlos,1939,NULL
nm0253844,Rachel Elkind,1939,NULL
nm0000261,Karen Allen,1951,NULL
nm0293550,Paul Freeman,1943,NULL
nm0722636,John Rhys-Davies,1944,NULL
nm0442241,Philip Kaufman,1936,NULL
nm0550881,Frank Marshall,1946,NULL
nm0151434,Michael Chandler,NULL,NULL
nm0000719,F. Murray Abraham,1939,NULL
nm0001371,Tom Hulce,1953,NULL
nm0000931,Elizabeth Berridge,1962,NULL
nm0234541,Roy Dotrice,1923,2017
nm0787323,Peter Shaffer,1926,2016
nm0537004,Zdenek Mahler,1928,2018
nm0951763,Saul Zaentz,1921,2014
nm0005816,Miroslav Ondrícek,1934,2015
nm0005036,Gale Anne Hurd,1955,NULL
nm0000299,Michael Biehn,1956,NULL
nm0001343,Carrie Henn,1976,NULL
nm0849083,Tomoyuki Tanaka,1910,1997
nm0755403,Yutaka Sada,1911,2017
nm0434593,Kyôko Kagawa,1931,NULL
nm0452878,Ryûzô Kikushima,1914,1989
nm0386750,Eijirô Hisaita,1898,1976
nm0402805,Evan Hunter,1926,2005
nm0742276,Martin Rosenberg,NULL,NULL
nm0123785,Ben Burtt,1948,NULL
nm2264184,Elissa Knight,1975,NULL
nm0307531,Jeff Garlin,1962,NULL
nm0929609,Fred Willard,1933,2020
nm0004056,Andrew Stanton,1965,NULL
nm0230032,Pete Docter,1968,NULL
nm0714114,Jim Reardon,NULL,NULL
nm0606640,Jim Morris,NULL,NULL
nm4752699,Michel Merkt,1972,NULL
nm9862858,Zain Al Rafeea,2004,NULL
nm9862859,Yordanos Shiferaw,NULL,NULL
nm9862860,Boluwatife Treasure Bankole,NULL,NULL
nm10201625,Kawsar Al Haddad,NULL,NULL
nm1701024,Nadine Labaki,1974,NULL
nm2764802,Jihad Hojeily,NULL,NULL
nm9878616,Michelle Keserwany,NULL,NULL
nm2759610,Georges Khabbaz,NULL,NULL
nm1848588,Khaled Mouzanar,NULL,NULL
nm0177896,Bradley Cooper,1975,NULL
nm5939164,Zazie Beetz,1991,NULL
nm0175814,Frances Conroy,1953,NULL
nm0680846,Todd Phillips,1970,NULL
nm0798788,Scott Silver,NULL,NULL
nm0277730,Bill Finger,1914,1974
nm1047603,Jerry Robinson,1922,2011
nm8823532,Katsuhiro Takei,NULL,NULL
nm1126340,Ryunosuke Kamiki,1993,NULL
nm4759838,Mone Kamishiraishi,1998,NULL
nm6954008,Ryo Narita,1993,NULL
nm2976492,Aoi Yûki,1992,NULL
nm1396121,Makoto Shinkai,1973,NULL
nm1038805,Clark Cheng,NULL,NULL
nm5147232,Kôichirô Itô,NULL,NULL
nm3356206,Noritaka Kawaguchi,NULL,NULL
nm2929057,Genki Kawamura,NULL,NULL
nm0588087,Christopher Miller,1975,NULL
nm4271336,Shameik Moore,1995,NULL
nm2159926,Jake Johnson,1978,NULL
nm2794962,Hailee Steinfeld,1996,NULL
nm0991810,Mahershala Ali,1974,NULL
nm2130108,Bob Persichetti,NULL,NULL
nm0709056,Peter Ramsey,1962,NULL
nm0745247,Rodney Rothman,NULL,NULL
nm0520488,Phil Lord,1975,NULL
nm0032696,Avi Arad,1948,NULL
nm0456158,Jack Kirby,1917,1994
nm0000375,Robert Downey Jr.,1965,NULL
nm0262635,Chris Evans,1981,NULL
nm0749263,Mark Ruffalo,1967,NULL
nm1165110,Chris Hemsworth,1983,NULL
nm0751577,Anthony Russo,1970,NULL
nm0751648,Joe Russo,1971,NULL
nm1321655,Christopher Markus,1970,NULL
nm1321656,Stephen McFeely,1970,NULL
nm0498278,Stan Lee,1922,2018
nm0354916,Grace Hayle,1888,1963
nm0642988,Jack Oakie,1903,1978
nm0306786,Reginald Gardiner,1903,1980
nm0835365,Karl Struss,1886,1981
nm0630119,Willard Nico,1897,1967
nm0199787,Henry Daniell,1894,1963
nm0317970,Billy Gilbert,1894,1971
nm0315974,Michael Giacchino,1967,NULL
nm5645519,Anthony Gonzalez,2004,NULL
nm0305558,Gael García Bernal,1978,NULL
nm0000973,Benjamin Bratt,1963,NULL
nm0005513,Alanna Ubach,1975,NULL
nm0881279,Lee Unkrich,1967,NULL
nm2937122,Adrian Molina,NULL,NULL
nm0441735,Jason Katz,NULL,NULL
nm0017690,Matthew Aldrich,NULL,NULL
nm0026565,Darla K. Anderson,1968,NULL
nm0711235,Fred Raskin,1973,NULL
nm0004937,Jamie Foxx,1967,NULL
nm0910607,Christoph Waltz,1956,NULL
nm0913488,Kerry Washington,1977,NULL
nm0399737,Reginald Hudlin,1961,NULL
nm0767894,Pilar Savone,NULL,NULL
nm0792049,Stacey Sher,1962,NULL
nm0724744,Robert Richardson,1955,NULL
nm0362766,Tom Hardy,1977,NULL
nm0772834,Arthur P. Schmidt,1912,1965
nm0000034,William Holden,1918,1981
nm0841797,Gloria Swanson,1899,1983
nm0002233,Erich von Stroheim,1885,1957
nm0647970,Nancy Olson,1928,NULL
nm0000697,Billy Wilder,1906,2002
nm0102818,Charles Brackett,1892,1969
nm0551261,D.M. Marshman Jr.,1922,2015
nm0005870,John F. Seitz,1892,1979
nm3760517,Atul Raninga,NULL,NULL
nm0451148,Aamir Khan,1965,NULL
nm0534856,Madhavan,1970,NULL
nm1587175,Mona Singh,1981,NULL
nm0004626,Kareena Kapoor,1980,NULL
nm0386246,Rajkumar Hirani,1962,NULL
nm0430785,Abhijat Joshi,NULL,NULL
nm0006765,Vidhu Vinod Chopra,1952,NULL
nm2746459,Chetan Bhagat,1974,NULL
nm0596240,Shantanu Moitra,NULL,NULL
nm0997224,Dong-Joo Kim,NULL,NULL
nm0158856,Choi Min-sik,1962,NULL
nm0949167,Yoo Ji-tae,1976,NULL
nm1367246,Kang Hye-jeong,1982,NULL
nm1366028,Kim Byeong-Ok,1960,NULL
nm0661791,Park Chan-wook,1963,NULL
nm1628380,Garon Tsuchiya,NULL,NULL
nm2057405,Nobuaki Minegishi,NULL,NULL
nm1367409,Joon-hyung Lim,NULL,NULL
nm1369364,Jo-yun Hwang,NULL,NULL
nm0006086,Gerald Fried,1928,2023
nm0000018,Kirk Douglas,1916,2020
nm0576127,Ralph Meeker,1920,1988
nm0579663,Adolphe Menjou,1890,1963
nm0534317,George Macready,1899,1973
nm0932229,Calder Willingham,1922,1995
nm0860292,Jim Thompson,1906,1977
nm0167767,Humphrey Cobb,1899,1944
nm0364805,James B. Harris,1928,NULL
nm0367431,Anthony Harvey,1930,2017
nm0000634,Peter Sellers,1925,1980
nm0001715,George C. Scott,1927,1999
nm0001330,Sterling Hayden,1916,1986
nm0943978,Keenan Wynn,1916,1986
nm0816143,Terry Southern,1924,1995
nm0313570,Peter George,1924,1966
nm0006145,Laurie Johnson,1927,NULL
nm0091686,Hagen Bogdanski,1965,NULL
nm0618057,Ulrich Mühe,1953,2007
nm0311476,Martina Gedeck,1961,NULL
nm0462407,Sebastian Koch,1962,NULL
nm0876300,Ulrich Tukur,1957,NULL
nm0003697,Florian Henckel von Donnersmarck,1973,NULL
nm0073875,Quirin Berg,1978,NULL
nm0927270,Max Wiedemann,1977,NULL
nm1098869,Stéphane Moucha,NULL,NULL
nm0001189,Gabriel Yared,1949,NULL
nm0001602,Guy Pearce,1967,NULL
nm0001592,Joe Pantoliano,1951,NULL
nm0095478,Mark Boone Junior,1955,NULL
nm0865189,Jennifer Todd,1969,NULL
nm0865297,Suzanne Todd,1965,NULL
nm0540338,Matty Malneck,1903,1981
nm0000061,Tyrone Power,1914,1958
nm0000017,Marlene Dietrich,1901,1992
nm0001452,Charles Laughton,1899,1962
nm0006471,Elsa Lanchester,1902,1986
nm0002005,Agatha Christie,1890,1976
nm0475823,Harry Kurnitz,1908,1968
nm0546140,Lawrence B. Marcus,1917,2001
nm0394967,Arthur Hornblow Jr.,1893,1976
nm0678202,Viktor Petrov,1947,2014
nm0470385,Aleksey Kravchenko,1969,NULL
nm0592500,Olga Mironova,NULL,NULL
nm0490708,Liubomiras Laucevicius,1950,NULL
nm0046575,Vladas Bagdonas,1949,NULL
nm0459552,Elem Klimov,1933,2003
nm0010696,Ales Adamovich,1927,1994
nm0945897,Oleg Yanchenko,1939,2002
nm0734870,Aleksey Rodionov,1947,NULL
nm0069483,Valeriya Belova,NULL,NULL
nm0169505,Joel Cohen,NULL,NULL
nm0000741,Tim Allen,1953,NULL
nm0725543,Don Rickles,1926,2017
nm0001815,Jim Varney,1949,2000
nm0710020,Joe Ranft,1960,2005
nm0923736,Joss Whedon,1964,NULL
nm0402950,Martin Hunter,NULL,NULL
nm0000546,Matthew Modine,1959,NULL
nm0000388,R. Lee Ermey,1944,2018
nm0000352,Vincent D'Onofrio,1959,NULL
nm0000284,Adam Baldwin,1962,NULL
nm0368007,Gustav Hasford,1947,1993
nm0473588,Vivian Kubrick,1960,NULL
nm0005801,Douglas Milsome,1939,NULL
nm2010670,David Korins,NULL,NULL
nm0592135,Lin-Manuel Miranda,1980,NULL
nm5623883,Phillipa Soo,1990,NULL
nm1502434,Leslie Odom Jr.,1981,NULL
nm0325989,Renée Elise Goldsberry,1971,NULL
nm2371802,Thomas Kail,NULL,NULL
nm2375857,Ron Chernow,NULL,NULL
nm1733243,Jeffrey Seller,NULL,NULL
nm0002336,Declan Quinn,1957,NULL
nm0602885,Jonah Moran,NULL,NULL
nm0508732,Matthew Libatique,1968,NULL
nm0000995,Ellen Burstyn,1932,NULL
nm0001467,Jared Leto,1971,NULL
nm0000124,Jennifer Connelly,1970,NULL
nm0005541,Marlon Wayans,1972,NULL
nm0004716,Darren Aronofsky,1969,NULL
nm0782968,Hubert Selby Jr.,1928,2004
nm0914615,Eric Watson,NULL,NULL
nm0922279,Palmer West,NULL,NULL
nm0543739,Clint Mansell,1963,NULL
nm3032965,Siddharth Roy Kapur,1974,NULL
nm2799219,Sakshi Tanwar,1973,NULL
nm0760778,Fatima Sana Shaikh,1992,NULL
nm7621667,Sanya Malhotra,1992,NULL
nm4318159,Nitesh Tiwari,1972,NULL
nm6328029,Piyush Gupta,NULL,NULL
nm6328031,Shreyas Jain,NULL,NULL
nm6328030,Nikhil Mehrotra,NULL,NULL
nm8661566,Rajshri Sudhakar,NULL,NULL
nm0109726,Jon Brion,1963,NULL
nm0000120,Jim Carrey,1962,NULL
nm0000701,Kate Winslet,1975,NULL
nm0929489,Tom Wilkinson,1948,NULL
nm0004423,Gerry Robert Byrne,NULL,NULL
nm0327273,Michel Gondry,1963,NULL
nm0442109,Charlie Kaufman,1958,NULL
nm1410028,Pierre Bismuth,1953,NULL
nm0106835,Anthony Bregman,NULL,NULL
nm0326512,Steve Golin,1955,2019
nm2325211,Ken Kaufman,NULL,NULL
nm0000172,Harvey Keitel,1939,NULL
nm0000619,Tim Roth,1961,NULL
nm0000514,Michael Madsen,1957,NULL
nm0001606,Chris Penn,1965,2006
nm1208167,Diane Kruger,1976,NULL
nm0744834,Eli Roth,1972,NULL
nm0491259,Mélanie Laurent,1983,NULL
nm1401820,Charlotte Bruus Christensen,1978,NULL
nm0586568,Mads Mikkelsen,1965,NULL
nm0488917,Thomas Bo Larsen,1963,NULL
nm5038871,Annika Wedderkopp,2004,NULL
nm5039026,Lasse Fogelstrøm,1996,NULL
nm0899121,Thomas Vinterberg,1969,NULL
nm2105585,Tobias Lindholm,1977,NULL
nm1011849,Sisse Graum Jørgensen,1972,NULL
nm0442337,Morten Kaufmann,1963,NULL
nm0250813,Nikolaj Egelund,1968,NULL
nm0559444,Yôji Matsuda,1967,NULL
nm0410942,Yuriko Ishida,1969,NULL
nm0849100,Yûko Tanaka,1955,NULL
nm0001082,Billy Crudup,1968,NULL
nm0301274,Neil Gaiman,1960,NULL
nm0005271,Randy Newman,1943,NULL
nm0000349,Joan Cusack,1962,NULL
nm0000885,Ned Beatty,1937,2021
nm1578335,Michael Arndt,1965,NULL
nm0829681,Missy Stewart,NULL,NULL
nm0000245,Robin Williams,1951,2014
nm0000255,Ben Affleck,1972,NULL
nm0001745,Stellan Skarsgård,1951,NULL
nm0001814,Gus Van Sant,1952,NULL
nm0000384,Danny Elfman,1953,NULL
nm0260389,Jean-Yves Escoffier,1950,2003
nm0768817,Pietro Scalia,1960,NULL
nm1818216,Payman Maadi,1970,NULL
nm0368689,Leila Hatami,1972,NULL
nm4299147,Sareh Bayat,1979,NULL
nm1486911,Shahab Hosseini,1974,NULL
nm1410815,Asghar Farhadi,1972,NULL
nm3156436,Sattar Oraki,NULL,NULL
nm0435534,Mahmoud Kalari,NULL,NULL
nm0755868,Hayedeh Safiyari,NULL,NULL
nm1487566,Keyvan Moghaddam,NULL,NULL
nm0472567,Ehren Kruger,1972,NULL
nm0000129,Tom Cruise,1962,NULL
nm0000174,Val Kilmer,1959,NULL
nm2676052,Joseph Kosinski,1974,NULL
nm0143596,Jim Cash,1941,2000
nm0258390,Jack Epps Jr.,1949,NULL
nm0185976,Peter Craig,1969,NULL
nm1098479,Justin Marks,1980,NULL
nm1055564,Grégoire Hetzel,NULL,NULL
nm0044073,Lubna Azabal,1973,NULL
nm0246386,Mélissa Désormeaux-Poulin,NULL,NULL
nm0309945,Maxim Gaudette,1974,NULL
nm1323233,Mustafa Kamel,NULL,NULL
nm0898288,Denis Villeneuve,1967,NULL
nm1416431,Wajdi Mouawad,NULL,NULL
nm4034068,Valérie Beaugrand-Champagne,NULL,NULL
nm0246404,Luc Déry,NULL,NULL
nm0566919,Kim McCraw,NULL,NULL
nm0005734,Conrad L. Hall,1926,2003
nm0000906,Annette Bening,1958,NULL
nm0000301,Thora Birch,1982,NULL
nm0004747,Wes Bentley,1978,NULL
nm0005222,Sam Mendes,1965,NULL
nm0050332,Alan Ball,1957,NULL
nm0169260,Bruce Cohen,NULL,NULL
nm0423134,Dan Jinks,NULL,NULL
nm0634530,Kevin Nolting,NULL,NULL
nm0000799,Edward Asner,1929,2021
nm2973712,Jordan Nagai,2000,NULL
nm0001652,John Ratzenberger,1947,NULL
nm0001626,Christopher Plummer,1929,2021
nm0677037,Bob Peterson,1961,NULL
nm0565336,Tom McCarthy,1966,NULL
nm0729304,Jonas Rivera,NULL,NULL
nm0080289,Deepa Bhatia,NULL,NULL
nm2594301,Darsheel Safary,1997,NULL
nm2540053,Tanay Chheda,1996,NULL
nm3222518,Sachet Engineer,NULL,NULL
nm1244760,Amole Gupte,1962,NULL
nm0536708,Shankar Mahadevan,1967,NULL
nm0523415,Loy Mendonsa,NULL,NULL
nm0251416,Ehsaan Noorani,NULL,NULL
nm1146016,Satyajit Pande,NULL,NULL
nm0325549,William Goldenberg,1959,NULL
nm0000685,Jon Voight,1938,NULL
nm0000520,Michael Mann,1943,NULL
nm0006106,Elliot Goldenthal,1954,NULL
nm0005883,Dante Spinotti,1943,NULL
nm0117779,Pasquale Buba,1946,2018
nm0773685,Hervé Schneid,NULL,NULL
nm0851582,Audrey Tautou,1976,NULL
nm0440913,Mathieu Kassovitz,1967,NULL
nm0749363,Rufus,1942,NULL
nm0186677,Lorella Cravotta,1958,NULL
nm0000466,Jean-Pierre Jeunet,1953,NULL
nm0491011,Guillaume Laurant,1961,NULL
nm0652226,Claudie Ossard,1943,NULL
nm0862961,Yann Tiersen,1970,NULL
nm0216632,Bruno Delbonnel,1957,NULL
nm0088471,B.F. Blinn,1872,1941
nm0701012,Edna Purviance,1895,1958
nm0001067,Jackie Coogan,1914,1984
nm0588033,Carl Miller,1894,1979
nm0042317,Albert Austin,1882,1953
nm0047800,Beulah Bains,1905,1930
nm0048798,Nellie Bly Baker,1893,1984
nm0080930,Edward Biby,1886,1952
nm0005737,Russell Harlan,1903,1974
nm0000060,Gregory Peck,1916,2003
nm0576345,John Megna,1952,1995
nm0653942,Frank Overton,1918,1967
nm0614677,Rosemary Murphy,1925,2014
nm0612322,Robert Mulligan,1925,2008
nm0497369,Harper Lee,1926,2016
nm0285210,Horton Foote,1916,2009
nm0001587,Alan J. Pakula,1928,1998
nm0000930,Elmer Bernstein,1922,2004
nm0269751,Adrienne Fazan,1906,1986
nm0000037,Gene Kelly,1912,1996
nm0640307,Donald O'Connor,1925,2003
nm0001666,Debbie Reynolds,1932,2016
nm0353405,Jean Hagen,1923,1977
nm0002045,Stanley Donen,1924,2019
nm0173679,Betty Comden,1917,2006
nm0337582,Adolph Green,1914,2002
nm0006085,Arthur Freed,1894,1973
nm0005849,Harold Rosson,1895,1988
nm0102327,Robert F. Boyle,1909,2010
nm0000026,Cary Grant,1904,1986
nm0001693,Eva Marie Saint,1924,NULL
nm0000051,James Mason,1909,1984
nm0484829,Jessie Royce Landis,1896,1972
nm0499626,Ernest Lehman,1915,2005
nm0437520,Nobuo Kaneko,1923,1995
nm0385443,Shin'ichi Himori,1907,1959
nm0848984,Haruo Tanaka,1912,1992
nm0000532,Malcolm McDowell,1943,NULL
nm0535861,Patrick Magee,1922,1982
nm0060988,Michael Bates,1920,1978
nm0165049,Warren Clarke,1947,2014
nm0121256,Anthony Burgess,1917,1993
nm0124833,Bill Butler,1933,2017
nm0058045,John Barry,1935,1979
nm0027173,Maxwell Anderson,1888,1959
nm0001571,Kim Novak,1933,NULL
nm0000895,Barbara Bel Geddes,1922,2005
nm0375738,Tom Helmore,1904,1995
nm0178785,Alec Coppel,1907,1972
nm0853138,Samuel A. Taylor,1912,2000
nm0092267,Pierre Boileau,1906,1989
nm0092268,Thomas Narcejac,1908,1998
nm0486127,Harry Lange,1930,2008
nm0001158,Keir Dullea,1936,NULL
nm0516972,Gary Lockwood,1937,NULL
nm0843213,William Sylvester,1922,1995
nm0725220,Daniel Richter,1939,NULL
nm0002009,Arthur C. Clarke,1917,2008
nm0005910,Geoffrey Unsworth,1914,1978
nm0522487,Ray Lovejoy,1939,2001
nm0033658,Ernest Archer,1910,1990
nm0290000,Adolfo Franci,1895,1954
nm0536009,Lamberto Maggiorani,1909,1983
nm0821543,Enzo Staiola,1939,NULL
nm0136794,Lianella Carell,1927,2000
nm0022821,Elena Altieri,1910,1997
nm0001120,Vittorio De Sica,1901,1974
nm0953790,Cesare Zavattini,1902,1989
nm0059030,Luigi Bartolini,1892,1963
nm0080755,Oreste Biancoli,1897,1971
nm0147599,Suso Cecchi D'Amico,1914,2010
nm0534045,Fred MacMurray,1908,1991
nm0001766,Barbara Stanwyck,1907,1990
nm0000064,Edward G. Robinson,1893,1973
nm0056477,Byron Barr,1917,1966
nm0151452,Raymond Chandler,1888,1959
nm0128906,James M. Cain,1892,1977
nm0000067,Miklós Rózsa,1907,1995
nm0000493,Jack Lemmon,1925,2001
nm0000511,Shirley MacLaine,1934,NULL
nm0001827,Ray Walston,1914,2001
nm0224634,I.A.L. Diamond,1920,1988
nm0006037,Adolph Deutsch,1897,1980
nm0005766,Joseph LaShelle,1900,1989
nm0541721,Daniel Mandell,1895,1987
nm0549658,Richard Marquand,1937,1987
nm0443599,Howard G. Kazanjian,1942,NULL
nm0106840,Martin Bregman,1926,2018
nm0000201,Michelle Pfeiffer,1958,NULL
nm0000874,Steven Bauer,1956,NULL
nm0001512,Mary Elizabeth Mastrantonio,1958,NULL
nm0000361,Brian De Palma,1940,NULL
nm0000231,Oliver Stone,1946,NULL
nm0001328,Howard Hawks,1896,1977
nm0372942,Ben Hecht,1894,1964
nm0870660,Armitage Trail,1902,1930
nm0005904,Gregg Toland,1904,1948
nm0000080,Orson Welles,1915,1985
nm0001072,Joseph Cotten,1905,1994
nm0173827,Dorothy Comingore,1913,1971
nm0001547,Agnes Moorehead,1900,1974
nm0542534,Herman J. Mankiewicz,1897,1953
nm0002144,John Houseman,1902,1988
nm0219670,Roger Q. Denny,NULL,NULL
nm0448809,Mollie Kent,NULL,NULL
nm0461772,Frederic Knudtson,1906,1964
nm0000075,Spencer Tracy,1900,1967
nm0000044,Burt Lancaster,1913,1994
nm0001847,Richard Widmark,1914,2008
nm0006452,Stanley Kramer,1913,2001
nm0542631,Abby Mann,1927,2008
nm0001050,Montgomery Clift,1920,1966
nm0006104,Ernest Gold,1921,1999
nm0005768,Ernest Laszlo,1898,1984
nm0000048,Peter Lorre,1904,1964
nm0927145,Ellen Widmann,1894,1985
nm0484737,Inge Landgut,1922,1986
nm0921532,Otto Wernicke,1893,1965
nm0000485,Fritz Lang,1890,1976
nm0902376,Thea von Harbou,1888,1954
nm0414825,Egon Jacobsohn,1895,NULL
nm0005922,Fritz Arno Wagner,1894,1958
nm0266239,Paul Falkenberg,1903,1986
nm0033490,Franco Arcalli,1929,1978
nm0000249,James Woods,1947,NULL
nm0001527,Elizabeth McGovern,1961,NULL
nm0001852,Treat Williams,1951,NULL
nm0340580,Harry Grey,1901,1980
nm0073053,Leonardo Benvenuti,1923,2000
nm0207401,Piero De Bernardi,1926,2010
nm0575804,Enrico Medioli,1925,2017
nm0002875,Freddie Young,1902,1998
nm0000564,Peter O'Toole,1932,2013
nm0000063,Anthony Quinn,1915,2001
nm0370144,Jack Hawkins,1910,1973
nm0000180,David Lean,1908,1991
nm0004122,Robert Bolt,1924,1995
nm0818545,Sam Spiegel,1901,1985
nm0003574,Maurice Jarre,1924,2009
nm2111404,Sandro Forte,1970,2020
nm0375609,Brigitte Helm,1906,1996
nm0002154,Alfred Abel,1879,1937
nm0297054,Gustav Fröhlich,1902,1987
nm0459030,Rudolf Klein-Rogge,1885,1955
nm0690143,Erich Pommer,1889,1966
nm3017782,Maximianno Cobra,1969,NULL
nm0923118,James Duhamel,NULL,NULL
nm0005892,Robert Surtees,1906,1985
nm0000056,Paul Newman,1925,2008
nm0000602,Robert Redford,1936,NULL
nm0001727,Robert Shaw,1927,1978
nm0001164,Charles Durning,1923,2012
nm0001351,George Roy Hill,1921,2002
nm0911486,David S. Ward,1945,NULL
nm0082300,Tony Bill,1940,NULL
nm0680539,Julia Phillips,1944,2002
nm0680635,Michael Phillips,1943,NULL
nm0001291,Rupert Graves,1963,NULL
nm0001653,Stephen Rea,1946,NULL
nm0574625,James McTeigue,NULL,NULL
nm2331222,David Lloyd,1950,NULL
nm0384294,Grant Hill,NULL,NULL
nm0290581,Larry Franco,1949,NULL
nm0622782,Javier Navarrete,1956,NULL
nm1419440,Ivana Baquero,1994,NULL
nm0317725,Ariadna Gil,1969,NULL
nm0530365,Sergi López,1965,NULL
nm0893941,Maribel Verdú,1970,NULL
nm0868219,Guillermo del Toro,1964,NULL
nm1973308,Álvaro Augustin,NULL,NULL
nm0190859,Alfonso Cuarón,1961,NULL
nm0622838,Bertha Navarro,NULL,NULL
nm0868872,Frida Torresblanco,NULL,NULL
nm0047962,Chieko Baishô,1941,NULL
nm0454120,Takuya Kimura,1972,NULL
nm0309107,Tatsuya Gashûin,1950,NULL
nm0594271,Akihiro Miwa,1935,NULL
nm1168510,Diana Wynne Jones,1934,2011
nm0218760,Rick Dempsey,NULL,NULL
nm1566098,Ned Lott,NULL,NULL
nm0485702,Charles Lang,1902,1998
nm0000054,Marilyn Monroe,1926,1962
nm0000348,Tony Curtis,1925,2010
nm0706368,George Raft,1901,1980
nm0858329,Robert Thoeren,1903,1957
nm0517615,Michael Logan,NULL,NULL
nm0000438,Ed Harris,1950,NULL
nm0000165,Ron Howard,1954,NULL
nm0326040,Akiva Goldsman,1962,NULL
nm0621586,Sylvia Nasar,1947,NULL
nm0004976,Brian Grazer,1951,NULL
nm0849222,Yohei Taneda,NULL,NULL
nm0001016,David Carradine,1936,2009
nm0000435,Daryl Hannah,1960,NULL
nm0753526,RZA,1969,NULL
nm0000983,Albert Brooks,1947,NULL
nm0001122,Ellen DeGeneres,1958,NULL
nm1071252,Alexander Gould,1994,NULL
nm0000353,Willem Dafoe,1955,NULL
nm0721675,David Reynolds,NULL,NULL
nm0910237,Graham Walters,NULL,NULL
nm0005696,Robert Elswit,1950,NULL
nm0000358,Daniel Day-Lewis,1957,NULL
nm0200452,Paul Dano,1984,NULL
nm0001354,Ciarán Hinds,1953,NULL
nm2872491,Martin Stringer,NULL,NULL
nm0000759,Paul Thomas Anderson,1970,NULL
nm0801737,Upton Sinclair,1878,1968
nm0526917,Daniel Lupi,NULL,NULL
nm0783280,JoAnne Sellar,NULL,NULL
nm0339351,Jonny Greenwood,1971,NULL
nm0613499,Yoshirô Muraki,1924,2009
nm0867391,Eijirô Tôno,1907,1994
nm0875362,Yôko Tsukasa,1934,NULL
nm0766496,Masaru Satô,1928,1999
nm0594335,Kazuo Miyagawa,1908,1999
nm0524829,Hugo Luczyc-Wyhowski,1957,NULL
nm0005458,Jason Statham,1967,NULL
nm0334318,Stephen Graham,1973,NULL
nm0005068,Vinnie Jones,1965,NULL
nm0005363,Guy Ritchie,1968,NULL
nm0891216,Matthew Vaughn,1971,NULL
nm0614373,John Murphy,1965,NULL
nm0362165,Tim Maurice-Jones,NULL,NULL
nm1154184,Jon Harris,1967,NULL
nm0151519,Bansi Chandragupta,1924,1981
nm0052333,Kanu Bannerjee,1905,1983
nm0052334,Karuna Bannerjee,1919,2001
nm0052343,Subir Banerjee,NULL,NULL
nm0222447,Chunibala Devi,1872,1955
nm0006249,Satyajit Ray,1921,1992
nm0051808,Bibhutibhushan Bandyopadhyay,1894,1950
nm0788170,Ravi Shankar,1920,2012
nm0593970,Subrata Mitra,1931,2001
nm0244891,Dulal Dutta,1925,2010
nm0951598,Stephan Zacharias,1956,NULL
nm0004486,Bruno Ganz,1941,2019
nm0487884,Alexandra Maria Lara,1978,NULL
nm0559890,Ulrich Matthes,1959,NULL
nm0477810,Juliane Köhler,1965,NULL
nm0386570,Oliver Hirschbiegel,1957,NULL
nm0251536,Bernd Eichinger,1949,2011
nm0275264,Joachim Fest,1926,2006
nm0432622,Traudl Junge,1920,2002
nm0612199,Melissa Müller,NULL,NULL
nm1002038,Çetin Tekindor,1945,NULL
nm0476334,Fikret Kuskan,1965,NULL
nm0406157,Hümeyra,1947,NULL
nm2020015,Ege Tanman,1998,NULL
nm1463981,Çagan Irmak,1970,NULL
nm1699911,Sükrü Avsar,1958,NULL
nm0714377,Evanthia Reboutsika,1958,NULL
nm2122662,Ridvan Ülgen,NULL,NULL
nm2243405,Kivanç Ilgüner,NULL,NULL
nm1086687,Masanobu Takayanagi,NULL,NULL
nm0000560,Nick Nolte,1941,NULL
nm0249291,Joel Edgerton,1974,NULL
nm0607185,Jennifer Morrison,1979,NULL
nm0640334,Gavin O'Connor,1963,NULL
nm3294574,Anthony Tambakis,1967,NULL
nm0233561,Cliff Dorfman,NULL,NULL
nm0640345,Greg O'Connor,NULL,NULL
nm0006142,Mark Isham,1951,NULL
nm3929283,Kris Bowers,NULL,NULL
nm0004802,Linda Cardellini,1975,NULL
nm1724319,Sebastian Maniscalco,1973,NULL
nm0268380,Peter Farrelly,1956,NULL
nm0885014,Nick Vallelonga,NULL,NULL
nm0192942,Brian Hayes Currie,1961,NULL
nm0121724,Jim Burke,NULL,NULL
nm0921853,Charles B. Wessler,NULL,NULL
nm0266029,Maria Falconetti,1892,1946
nm0798564,Eugene Silvain,1851,1930
nm0075551,André Berley,1880,1936
nm0776914,Maurice Schutz,1866,1955
nm0003433,Carl Theodor Dreyer,1889,1968
nm0217865,Joseph Delteil,1894,1978
nm1224245,Jesper Kyd,1972,NULL
nm0773138,Ole Schmidt,1928,2010
nm0005789,Rudolph Maté,1898,1964
nm0303922,Mercedes Gamero,NULL,NULL
nm0005403,Jason Schwartzman,1980,NULL
nm0429069,Rashida Jones,1976,NULL
nm0766005,Will Sasso,1975,NULL
nm0655053,Sergio Pablos,NULL,NULL
nm3582089,Carlos Martínez López,NULL,NULL
nm2700235,Jim Mahoney,NULL,NULL
nm2082813,Zach Lewis,NULL,NULL
nm0273832,Gustavo Ferrada,NULL,NULL
nm0308177,Oliver H.P. Garrett,1894,1952
nm0000022,Clark Gable,1901,1960
nm0000046,Vivien Leigh,1913,1967
nm0641966,Barbara O'Neil,1910,1980
nm0281808,Victor Fleming,1889,1949
nm0002030,George Cukor,1899,1983
nm0939992,Sam Wood,1883,1949
nm0593565,Margaret Mitchell,1900,1949
nm0397608,Sidney Howard,1891,1939
nm0817929,Dorothy Spencer,1909,2002
nm0001479,Carole Lombard,1908,1942
nm0000912,Jack Benny,1894,1974
nm0821041,Robert Stack,1919,2003
nm0107795,Felix Bressart,1892,1949
nm0523932,Ernst Lubitsch,1892,1947
nm0501872,Melchior Lengyel,1880,1974
nm0562372,Edwin Justus Mayer,1896,1960
nm0006128,Werner R. Heymann,1896,1961
nm0548929,Owen Marks,1899,1960
nm0404158,Walter Huston,1883,1950
nm0392529,Tim Holt,1919,1973
nm0071636,Bruce Bennett,1906,2007
nm0001379,John Huston,1906,1987
nm0871252,B. Traven,1882,1969
nm0087533,Henry Blanke,1901,1981
nm0000070,Max Steiner,1888,1971
nm0005792,Ted D. McCord,1900,1976
nm0572492,Barbara McLean,1903,1996
nm0000012,Bette Davis,1908,1989
nm0000879,Anne Baxter,1923,1985
nm0001695,George Sanders,1906,1972
nm0002141,Celeste Holm,1917,2012
nm0000581,Joseph L. Mankiewicz,1909,1993
nm0650581,Mary Orr,1910,2006
nm0953123,Darryl F. Zanuck,1902,1979
nm0000055,Alfred Newman,1900,1970
nm0005762,Milton R. Krasner,1904,1988
nm0201857,Ricardo Darín,1957,NULL
nm0897845,Soledad Villamil,1969,NULL
nm0706567,Pablo Rago,1972,NULL
nm3587952,Carla Quevedo,1988,NULL
nm0002728,Juan José Campanella,1959,NULL
nm3160078,Eduardo Sacheri,NULL,NULL
nm0079065,Mariela Besuievsky,NULL,NULL
nm0989434,Federico Jusid,1973,NULL
nm0599983,Félix Monti,1938,NULL
nm0477553,Machiko Kyô,1924,2019
nm0605270,Masayuki Mori,1911,1973
nm0015611,Ryûnosuke Akutagawa,1892,1927
nm0423122,Minoru Jingo,NULL,NULL
nm0000169,Tommy Lee Jones,1946,NULL
nm0000849,Javier Bardem,1969,NULL
nm0000982,Josh Brolin,1968,NULL
nm0000437,Woody Harrelson,1961,NULL
nm0001053,Ethan Coen,1957,NULL
nm0001054,Joel Coen,1954,NULL
nm0565092,Cormac McCarthy,1933,NULL
nm0748784,Scott Rudin,1958,NULL
nm0001980,Carter Burwell,1954,NULL
nm1103781,Arnold Messer,NULL,NULL
nm0607865,Emily Mortimer,1971,NULL
nm0436164,Laeta Kalogridis,1965,NULL
nm1212331,Dennis Lehane,1965,NULL
nm1329482,Bradley J. Fischer,NULL,NULL
nm0005219,Mike Medavoy,1941,NULL
nm0270559,Kevin Feige,1973,NULL
nm4043618,Tom Holland,1996,NULL
nm3918035,Zendaya,1996,NULL
nm1212722,Benedict Cumberbatch,1976,NULL
nm8188622,Jacob Batalon,1996,NULL
nm1218281,Jon Watts,1981,NULL
nm0571344,Chris McKenna,NULL,NULL
nm1273099,Erik Sommers,NULL,NULL
nm0228492,Steve Ditko,1927,2018
nm2443562,Erica Lee,NULL,NULL
nm1745190,George Georgiou,NULL,NULL
nm0714698,Lance Reddick,1962,2023
nm0821432,Chad Stahelski,1968,NULL
nm8748334,Shay Hatten,1994,NULL
nm3360218,Michael Finch,NULL,NULL
nm4401003,Derek Kolstad,NULL,NULL
nm0412588,Basil Iwanyk,1970,NULL
nm0661406,David Parfitt,1958,NULL
nm1469236,Olivia Colman,1974,NULL
nm0309693,Mark Gatiss,1966,NULL
nm0931404,Olivia Williams,1968,NULL
nm1725469,Florian Zeller,1979,NULL
nm0358960,Christopher Hampton,1946,NULL
nm0136260,Philippe Carcassonne,1955,NULL
nm10663088,Simon Friend,NULL,NULL
nm0515201,Jean-Louis Livi,1941,NULL
nm0005701,Daniel L. Fapp,1904,1986
nm0000537,Steve McQueen,1930,1980
nm0001258,James Garner,1928,2014
nm0000277,Richard Attenborough,1923,2014
nm0836328,John Sturges,1910,1992
nm0108595,Paul Brickhill,1916,1991
nm0165412,James Clavell,1921,1994
nm0122446,W.R. Burnett,1899,1982
nm0346537,Madeleine Gug,1913,1971
nm0598971,Yves Montand,1921,1991
nm0889024,Charles Vanel,1892,1989
nm0886870,Peter van Eyck,1911,1969
nm0525793,Folco Lulli,1912,1970
nm0167241,Henri-Georges Clouzot,1907,1977
nm1064118,Georges Arnaud,1917,1987
nm0350823,Jérôme Géronimi,NULL,NULL
nm0005952,Georges Auric,1899,1983
nm0005901,Armand Thirard,1899,1973
nm0357310,Yoshiyasu Hamamura,NULL,NULL
nm0753479,Chishû Ryû,1904,1993
nm0383261,Chieko Higashiyama,1890,1980
nm0945522,Sô Yamamura,1910,2000
nm0361697,Setsuko Hara,1920,2015
nm0654868,Yasujirô Ozu,1903,1963
nm0633792,Kôgo Noda,1893,1968
nm0945499,Takeshi Yamamoto,NULL,NULL
nm0756907,Takanobu Saitô,1924,2004
nm0040916,Yûharu Atsuta,1905,1993
nm0001537,Ray Milland,1907,1986
nm0191950,Robert Cummings,1910,1990
nm0002369,John Williams,1903,1983
nm0461425,Frederick Knott,1916,2002
nm0006323,Dimitri Tiomkin,1894,1979
nm0270458,Rudi Fehr,1911,1999
nm0863374,Emma Tillinger Koskoff,NULL,NULL
nm1706767,Jonah Hill,1983,NULL
nm3053338,Margot Robbie,1990,NULL
nm1010540,Terence Winter,1960,NULL
nm0067789,Jordan Belfort,1962,NULL
nm4265383,Riza Aziz,NULL,NULL
nm2110175,Joey McFarland,NULL,NULL
nm0854991,Jayne-Ann Tenggren,1967,NULL
nm2835616,Dean-Charles Chapman,1997,NULL
nm1126657,George MacKay,1992,NULL
nm0990547,Daniel Mays,1978,NULL
nm0000147,Colin Firth,1960,NULL
nm4880670,Krysty Wilson-Cairns,1987,NULL
nm0365208,Pippa Harris,1967,NULL
nm0568223,Callum McDougall,NULL,NULL
nm1003922,Brian Oliver,1971,NULL
nm0005714,Tak Fujimoto,1939,NULL
nm0005286,Haley Joel Osment,1988,NULL
nm0001057,Toni Collette,1972,NULL
nm0796117,M. Night Shyamalan,1970,NULL
nm0005086,Kathleen Kennedy,1953,NULL
nm0578814,Barry Mendel,1963,NULL
nm0006133,James Newton Howard,1951,NULL
nm0000025,Jerry Goldsmith,1929,2004
nm0000107,Kim Basinger,1953,NULL
nm0000436,Curtis Hanson,1945,2016
nm0255278,James Ellroy,1948,NULL
nm0001338,Brian Helgeland,NULL,NULL
nm0586969,Arnon Milchan,1944,NULL
nm0622296,Michael G. Nathanson,NULL,NULL
nm0797889,Serge Silberman,1917,2003
nm0855417,Akira Terao,1947,NULL
nm0628704,Jinpachi Nezu,1947,2016
nm0753480,Daisuke Ryû,1957,2021
nm0406836,Masato Ide,1920,1989
nm0000636,William Shakespeare,1564,1616
nm0361683,Masato Hara,1931,2021
nm0000614,Alan Rickman,1946,2016
nm0000889,Bonnie Bedelia,1948,NULL
nm0001817,Reginald VelJohnson,1952,NULL
nm0001532,John McTiernan,1951,NULL
nm0861636,Roderick Thorp,1936,1999
nm0835732,Jeb Stuart,1956,NULL
nm0211823,Steven E. de Souza,1947,NULL
nm0330379,Lawrence Gordon,1936,NULL
nm0915226,Robert Watts,1938,NULL
nm0000125,Sean Connery,1930,2020
nm0233145,Alison Doody,1966,NULL
nm0001186,Denholm Elliott,1922,1992
nm0090151,Jeffrey Boam,1946,2000
nm0583675,Menno Meyjes,1954,NULL
nm0000621,Kurt Russell,1951,NULL
nm0000979,Wilford Brimley,1934,2020
nm0202966,Keith David,1956,NULL
nm0557956,Richard Masur,1948,NULL
nm0000118,John Carpenter,1948,NULL
nm0484111,Bill Lancaster,1947,1997
nm0132168,John W. Campbell Jr.,1910,1971
nm0287759,David Foster,1929,2019
nm0877274,Lawrence Turman,1926,NULL
nm0000432,Gene Hackman,1930,NULL
nm0001321,Richard Harris,1930,2002
nm0672459,David Webb Peoples,1940,NULL
nm0006215,Lennie Niehaus,1929,2020
nm0005726,Jack N. Green,1946,NULL
nm0185088,Joel Cox,1942,NULL
nm0120317,Henry Bumstead,1915,2006
nm0000554,Sam Neill,1947,NULL
nm0000368,Laura Dern,1967,NULL
nm0000156,Jeff Goldblum,1952,NULL
nm0000341,Michael Crichton,1942,2008
nm0462895,David Koepp,1963,NULL
nm0762674,Jonathan Sanger,1944,NULL
nm0000843,Anne Bancroft,1931,2005
nm0000024,John Gielgud,1904,2000
nm0000186,David Lynch,1946,NULL
nm0212246,Christopher De Vore,NULL,NULL
nm0075015,Eric Bergren,1954,2016
nm0872375,Frederick Treves,1853,1923
nm0598744,Ashley Montagu,1905,1999
nm0152469,Michael Chapman,1935,2020
nm0001732,Cybill Shepherd,1950,NULL
nm0001707,Paul Schrader,1946,NULL
nm0274721,Dante Ferretti,1943,NULL
nm0000232,Sharon Stone,1958,NULL
nm0208381,Barbara De Fina,NULL,NULL
nm0066055,Terry Bedford,1943,NULL
nm0001037,Graham Chapman,1941,1989
nm0000092,John Cleese,1939,NULL
nm0001385,Eric Idle,1943,NULL
nm0000416,Terry Gilliam,1940,NULL
nm0001402,Terry Jones,1942,2020
nm0001589,Michael Palin,1943,NULL
nm0540627,Thomas Malory,1414,1471
nm0286926,Mark Forstater,1943,NULL
nm0925214,Michael White,1936,2016
nm0229809,Fyodor Dobronravov,1921,2014
nm0613364,Maksim Munzuk,1910,1999
nm0813272,Yuriy Solomin,1935,NULL
nm0125730,Mikhail Bychkov,1950,2022
nm1276196,Vladimir Khrulyov,1941,NULL
nm0619330,Yuriy Nagibin,1920,1994
nm0037539,Vladimir Arsenev,1872,1930
nm0559452,Yoichi Matsue,1930,2019
nm0796062,Isaac Schwarts,1923,2009
nm0368359,Hassan Hassandoost,1958,NULL
nm0619870,Mohammad Amir Naji,NULL,NULL
nm0268488,Amir Farrokh Hashemian,NULL,NULL
nm0781245,Bahare Seddiqi,NULL,NULL
nm0415412,Nafise Jafar-Mohammadi,NULL,NULL
nm0006498,Majid Majidi,1959,NULL
nm0260556,Amir Esfandiari,NULL,NULL
nm0260557,Mohammad Esfandiari,NULL,NULL
nm0415663,Kayvan Jahanshahi,NULL,NULL
nm0539342,Parviz Malekzaade,1944,NULL
nm0642714,Sam O'Steen,1923,2000
nm0001159,Faye Dunaway,1941,NULL
nm0520164,Perry Lopez,1929,2008
nm0001801,Robert Towne,1934,NULL
nm0263172,Robert Evans,1930,2019
nm0002166,John A. Alonzo,1934,2001
nm0504380,Elgin Lessley,1883,1944
nm0000036,Buster Keaton,1895,1966
nm0570230,Kathryn McGuire,1903,1978
nm0444172,Joe Keaton,1867,1946
nm0175068,Erwin Connelly,1878,1931
nm0369841,Jean C. Havez,1872,1925
nm0593477,Joseph A. Mitchell,1866,1950
nm0115669,Clyde Bruckman,1894,1955
nm3816287,Club Foot Orchestra,NULL,NULL
nm0396327,Byron Houck,1891,1969
nm0223964,Fernando Di Leo,1932,2003
nm0002231,Gian Maria Volontè,1933,1994
nm0472756,Mara Krupp,1935,NULL
nm0217258,Enzo Dell'Aquila,NULL,NULL
nm0902129,Burkhard von Dallwitz,1959,NULL
nm0001473,Laura Linney,1964,NULL
nm0001187,Noah Emmerich,1965,NULL
nm0001837,Peter Weir,1944,NULL
nm0629272,Andrew Niccol,1964,NULL
nm0271026,Edward S. Feldman,1929,2020
nm0775443,Adam Schroeder,NULL,NULL
nm0000988,Jerry Bruckheimer,1943,NULL
nm0000136,Johnny Depp,1963,NULL
nm0001691,Geoffrey Rush,1951,NULL
nm0461136,Keira Knightley,1985,NULL
nm0893659,Gore Verbinski,1964,NULL
nm0254645,Ted Elliott,1961,NULL
nm0744429,Terry Rossio,1960,NULL
nm0064181,Stuart Beattie,NULL,NULL
nm0938684,Jay Wolpert,1942,2022
nm0837386,Michael Sugar,NULL,NULL
nm0000474,Michael Keaton,1951,NULL
nm1046097,Rachel McAdams,1978,NULL
nm0000630,Liev Schreiber,1967,NULL
nm1802857,Josh Singer,NULL,NULL
nm1421308,Blye Pagon Faust,NULL,NULL
nm2140746,Nicole Rocklin,1979,NULL
nm0000702,Reese Witherspoon,1976,NULL
nm0683253,Rosamund Pike,1979,NULL
nm0000439,Neil Patrick Harris,1973,NULL
nm1347153,Tyler Perry,1969,NULL
nm5058839,Gillian Flynn,1971,NULL
nm0232433,Joshua Donen,1955,NULL
nm1940449,Andrew Garfield,1983,NULL
nm0941777,Sam Worthington,1976,NULL
nm3478396,Luke Bracey,1989,NULL
nm1954240,Teresa Palmer,1986,NULL
nm0770938,Robert Schenkkan,1953,NULL
nm0460795,Andrew Knight,NULL,NULL
nm0070822,Terry Benedict,NULL,NULL
nm0192984,Paul Currie,NULL,NULL
nm2919995,Simon Rich,1984,NULL
nm0688132,Amy Poehler,1971,NULL
nm0352778,Bill Hader,1978,NULL
nm0085400,Lewis Black,1948,NULL
nm1411676,Mindy Kaling,1979,NULL
nm0215455,Ronnie Del Carmen,1959,NULL
nm0498834,Meg LeFauve,NULL,NULL
nm2155757,Josh Cooley,NULL,NULL
nm1250070,Jeremy Kleiner,NULL,NULL
nm0252230,Chiwetel Ejiofor,1977,NULL
nm0931324,Michael Kenneth Williams,1966,2021
nm1055413,Michael Fassbender,1977,NULL
nm2588606,Steve McQueen,1969,NULL
nm0725983,John Ridley,1964,NULL
nm1185849,Solomon Northup,1808,1863
nm0306890,Dede Gardner,NULL,NULL
nm0441097,Anthony Katagas,NULL,NULL
nm0117709,Daniel Brühl,1978,NULL
nm1312575,Olivia Wilde,1984,NULL
nm0604948,Peter Morgan,1963,NULL
nm0247787,Andrew Eaton,1960,NULL
nm0271479,Eric Fellner,1959,NULL
nm0867768,Jenno Topping,NULL,NULL
nm1256532,Jon Bernthal,1976,NULL
nm1495520,Caitríona Balfe,1979,NULL
nm0003506,James Mangold,1963,NULL
nm0125336,Jez Butterworth,1969,NULL
nm3890871,John-Henry Butterworth,1976,NULL
nm0445669,Jason Keller,1968,NULL
nm1858656,Peter Chernin,1951,NULL
nm0001485,Myrna Loy,1905,1993
nm0000763,Dana Andrews,1909,1992
nm0545298,Fredric March,1897,1975
nm0942863,Teresa Wright,1918,2005
nm0943758,William Wyler,1902,1981
nm0792845,Robert E. Sherwood,1896,1955
nm0437969,MacKinlay Kantor,1904,1977
nm0326418,Samuel Goldwyn,1879,1974
nm0006087,Hugo Friedhofer,1901,1981
nm0000761,Bibi Andersson,1935,2019
nm0880521,Liv Ullmann,1938,NULL
nm0472234,Margaretha Krook,1925,2001
nm0085038,Gunnar Björnstrand,1909,1986
nm0000005,Ingmar Bergman,1918,2007
nm0921305,Lars Johan Werle,1926,2001
nm0005815,Sven Nykvist,1922,2006
nm0753276,Ulla Ryghe,1924,2011
nm0512482,Bibi Lindström,1904,1984
nm0389580,Michael Hogan,1893,1977
nm0000059,Laurence Olivier,1907,1989
nm0000021,Joan Fontaine,1917,2013
nm0000752,Judith Anderson,1897,1992
nm0238898,Daphne Du Maurier,1907,1989
nm0365661,Joan Harrison,1907,1994
nm0531878,Philip MacDonald,1901,1980
nm0006331,Vangelis,1943,2022
nm0000442,Rutger Hauer,1944,2019
nm0000707,Sean Young,1959,NULL
nm0001579,Edward James Olmos,1947,NULL
nm0266684,Hampton Fancher,1938,NULL
nm0001140,Philip K. Dick,1928,1982
nm0214303,Michael Deeley,1932,NULL
nm0005197,Des McAnuff,1952,NULL
nm0547349,Eli Marienthal,1986,NULL
nm0001065,Harry Connick Jr.,1967,NULL
nm0000098,Jennifer Aniston,1969,NULL
nm0004874,Vin Diesel,1967,NULL
nm0083348,Brad Bird,1957,NULL
nm0564827,Tim McCanlies,1953,NULL
nm0400954,Ted Hughes,1930,1998
nm0286715,Brent Forrester,1967,NULL
nm0007831,Allison Abbate,1965,NULL
nm0205626,Viola Davis,1965,NULL
nm1297015,Emma Stone,1988,NULL
nm0818055,Octavia Spencer,1970,NULL
nm0397171,Bryce Dallas Howard,1981,NULL
nm0853238,Tate Taylor,1969,NULL
nm3543826,Kathryn Stockett,NULL,NULL
nm0055431,Michael Barnathan,NULL,NULL
nm0001060,Chris Columbus,1958,NULL
nm0337676,Brunson Green,NULL,NULL
nm0467255,Andrew A. Kosove,NULL,NULL
nm0350453,Jake Gyllenhaal,1980,NULL
nm0502425,Melissa Leo,1960,NULL
nm3360706,Aaron Guzikowski,NULL,NULL
nm0204987,Kira Davis,NULL,NULL
nm0424663,Broderick Johnson,NULL,NULL
nm2221807,Adam Kolbrenner,NULL,NULL
nm0432725,Tom Holkenborg,1967,NULL
nm0000234,Charlize Theron,1975,NULL
nm0396558,Nicholas Hoult,1989,NULL
nm2368789,Zoë Kravitz,1988,NULL
nm0004306,George Miller,1945,NULL
nm0565068,Brendan McCarthy,NULL,NULL
nm0490147,Nick Lathouris,NULL,NULL
nm0593294,Doug Mitchell,NULL,NULL
nm0900840,P.J. Voeten,NULL,NULL
nm0023832,Mathieu Amalric,1965,NULL
nm0027572,Wes Anderson,1969,NULL
nm0959003,Stefan Zweig,1881,1942
nm2450453,Hugo Guinness,1959,NULL
nm0206154,Jeremy Dawson,NULL,NULL
nm2262509,Steven Rales,NULL,NULL
nm0306088,Esther García,1956,NULL
nm0334882,Darío Grandinetti,1959,NULL
nm0555404,María Marull,1973,NULL
nm0897640,Mónica Villa,1954,NULL
nm0823435,Diego Starosta,NULL,NULL
nm1167933,Damián Szifron,1975,NULL
nm2265326,Julian Loyola,NULL,NULL
nm1238855,Germán Servidio,1982,NULL
nm0021948,Agustín Almodóvar,1955,NULL
nm0000264,Pedro Almodóvar,1949,NULL
nm0801184,Robert L. Simpson,1910,1977
nm0002034,Jane Darwell,1879,1967
nm0001017,John Carradine,1906,1988
nm0335788,Charley Grapewin,1869,1956
nm0000406,John Ford,1894,1973
nm0425913,Nunnally Johnson,1897,1977
nm0825705,John Steinbeck,1902,1968
nm0339856,Jon Gregory,1944,2021
nm0000531,Frances McDormand,1957,NULL
nm0005377,Sam Rockwell,1968,NULL
nm2655177,Caleb Landry Jones,1989,NULL
nm1732981,Martin McDonagh,1970,NULL
nm0110357,Graham Broadbent,NULL,NULL
nm0194446,Peter Czernin,NULL,NULL
nm1023204,Ben Davis,1961,NULL
nm1027682,Frank Aderias,NULL,NULL
nm0841501,Mack Swain,1876,1935
nm0615306,Tom Murray,1873,1935
nm0675356,William P. Perry,NULL,NULL
nm0906618,Malcolm Waite,1892,1949
nm0354913,Georgia Hale,1900,1985
nm1033900,Jack Adams,1879,NULL
nm0250995,Ralph Eggleston,1965,2022
nm0000345,Billy Crystal,1948,NULL
nm0000422,John Goodman,1952,NULL
nm0316701,Mary Gibbs,1996,NULL
nm0000114,Steve Buscemi,1957,NULL
nm0798899,David Silverman,1957,NULL
nm0191717,Jill Culton,NULL,NULL
nm0682066,Jeff Pidgeon,1965,NULL
nm1193626,The Alloy Orchestra,NULL,NULL
nm0533045,Marion Mack,1902,1989
nm0147070,Glen Cavender,1883,1962
nm0267650,Jim Farley,1882,1947
nm0090213,Al Boasberg,1892,1937
nm0807667,Charles Henry Smith,1866,1942
nm0685904,William Pittenger,1840,1904
nm0809548,Paul Gerard Smith,1894,1968
nm0325358,Mark Goldblatt,NULL,NULL
nm0934902,Paul Winfield,1939,2004
nm0794174,Hisao Shirai,1946,2019
nm0847054,Hitoshi Takagi,1925,2004
nm0383022,Noriko Hidaka,1962,NULL
nm0757076,Chika Sakamoto,1959,NULL
nm0411790,Shigesato Itoi,1948,NULL
nm1147210,Mark Henley,1955,NULL
nm0858977,Jameson Thomas,1888,1939
nm0001055,Claudette Colbert,1903,1996
nm0175369,Walter Connolly,1887,1940
nm0439850,Roscoe Karns,1891,1970
nm0728307,Robert Riskin,1897,1955
nm0011343,Samuel Hopkins Adams,1871,1958
nm0907900,Joseph Walker,1892,1985
nm0369879,Gene Havlick,1894,1959
nm0000494,Robert Sean Leonard,1969,NULL
nm0000160,Ethan Hawke,1970,NULL
nm0001038,Josh Charles,1971,NULL
nm0776114,Tom Schulman,1950,NULL
nm0353187,Steven Haft,NULL,NULL
nm0432625,Paul Junger Witt,1941,2018
nm0859597,Tony Thomas,1948,NULL
nm0702036,Fernando Pérez Unda,NULL,NULL
nm0248408,Emilio Echevarría,NULL,NULL
nm0865949,Goya Toledo,1969,NULL
nm0346270,Álvaro Guerrero,NULL,NULL
nm0327944,Alejandro G. Iñárritu,1963,NULL
nm0037247,Guillermo Arriaga,1958,NULL
nm0763395,Gustavo Santaolalla,1951,NULL
nm0006509,Rodrigo Prieto,1965,NULL
nm0136057,Luis Carballar,NULL,NULL
nm0903125,Maria von Trapp,1905,1987
nm0000267,Julie Andrews,1935,NULL
nm0662223,Eleanor Parker,1922,2013
nm0370821,Richard Haydn,1905,1985
nm0936404,Robert Wise,1914,2005
nm0403346,Georg Hurdalek,1908,1980
nm0512231,Howard Lindsay,1889,1968
nm0189496,Russel Crouse,1893,1966
nm0000795,Jean Arthur,1900,1991
nm0036427,Edward Arnold,1890,1956
nm0118227,Sidney Buchman,1902,1975
nm0287931,Lewis R. Foster,1898,1974
nm0175333,Myles Connolly,1897,1964
nm0896542,King Vidor,1894,1982
nm0000023,Judy Garland,1922,1969
nm0604656,Frank Morgan,1890,1949
nm0001961,Ray Bolger,1904,1987
nm0481618,Bert Lahr,1895,1967
nm0503777,Mervyn LeRoy,1900,1987
nm0851537,Norman Taurog,1899,1981
nm0861703,Richard Thorpe,1896,1991
nm0161200,Chung-hoon Chung,1970,NULL
nm1195119,Kim Min-hee,1982,NULL
nm1978402,Ha Jung-woo,1978,NULL
nm2437361,Cho Jin-woong,1976,NULL
nm0600668,Moon So-ri,1974,NULL
nm1258797,Sarah Waters,1966,NULL
nm1941029,Chung Seo-kyung,1975,NULL
nm1367410,Syd Lim,NULL,NULL
nm0423280,Jo Yeong-wook,1962,NULL
nm0918083,Len Wein,1948,2017
nm0001772,Patrick Stewart,1940,NULL
nm6748436,Dafne Keen,2005,NULL
nm2933542,Boyd Holbrook,1981,NULL
nm0291082,Scott Frank,1960,NULL
nm0338169,Michael Green,1973,NULL
nm0739661,John Romita Sr.,1930,NULL
nm0859471,Roy Thomas,1940,NULL
nm0169299,Danny Cohen,NULL,NULL
nm0488953,Brie Larson,1989,NULL
nm5016878,Jacob Tremblay,2006,NULL
nm0108703,Sean Bridgers,1968,NULL
nm0187724,Wendy Crewson,1956,NULL
nm1049433,Lenny Abrahamson,1966,NULL
nm1480980,Emma Donoghue,1969,NULL
nm3510918,David Gross,NULL,NULL
nm0347384,Ed Guiney,NULL,NULL
nm0719673,Stephen Rennicks,NULL,NULL
nm0885098,Alida Valli,1921,2006
nm0002145,Trevor Howard,1913,1988
nm0715346,Carol Reed,1906,1976
nm0001294,Graham Greene,1904,1991
nm0466099,Alexander Korda,1893,1956
nm0005761,Robert Krasker,1913,1981
nm0353091,Oswald Hafenrichter,1899,1973
nm0357421,Gerry Hambling,1926,2013
nm0000592,Pete Postlethwaite,1946,2011
nm0188949,Alison Crosbie,NULL,NULL
nm2535022,Philip King,NULL,NULL
nm0006487,Jim Sheridan,1949,NULL
nm0174840,Gerry Conlon,1954,2014
nm0313623,Terry George,1952,NULL
nm0002303,Trevor Jones,1949,NULL
nm0084695,Peter Biziou,1944,NULL
nm0552731,Mardik Martin,1934,2019
nm0001550,Cathy Moriarty,1960,NULL
nm0898634,Frank Vincent,1937,2017
nm0483766,Jake LaMotta,1922,2017
nm0141734,Joseph Carter,1912,1984
nm0678014,Peter Savage,1920,1981
nm0005476,Hilary Swank,1974,NULL
nm0059431,Jay Baruchel,1982,NULL
nm0353673,Paul Haggis,1953,NULL
nm0101801,F.X. Toole,1930,2002
nm0742347,Tom Rosenberg,NULL,NULL
nm0827869,Tom Stern,1946,NULL
nm0641939,Ryan O'Neal,1941,NULL
nm0001943,Marisa Berenson,1947,NULL
nm0473228,Hardy Krüger,1928,2022
nm0856842,William Makepeace Thackeray,1811,1863
nm0493339,Tony Lawson,1944,NULL
nm0010553,Ken Adam,1921,2016
nm0539990,Bill Malley,NULL,NULL
nm0001884,Max von Sydow,1929,2020
nm0000304,Linda Blair,1959,NULL
nm0001243,William Friedkin,1935,NULL
nm0087861,William Peter Blatty,1928,2017
nm0005845,Owen Roizman,1936,2023
nm0310797,Norman Gay,NULL,NULL
nm0521554,Evan A. Lottman,1931,2001
nm0000513,William H. Macy,1950,NULL
nm0001780,Peter Stormare,1953,NULL
nm0374511,Rick Heinrichs,NULL,NULL
nm0386227,Masahiro Hirakubo,NULL,NULL
nm0000191,Ewan McGregor,1971,NULL
nm0001971,Ewen Bremner,1972,NULL
nm0001538,Jonny Lee Miller,1972,NULL
nm0571727,Kevin McKidd,1973,NULL
nm0000965,Danny Boyle,1956,NULL
nm0920543,Irvine Welsh,1958,NULL
nm0388076,John Hodge,1964,NULL
nm0531602,Andrew Macdonald,1966,NULL
nm0005909,Brian Tufano,1939,2023
nm0002185,Malcolm Arnold,1921,2006
nm0370564,Sessue Hayakawa,1886,1973
nm0099541,Pierre Boulle,1912,1994
nm0286025,Carl Foreman,1914,1984
nm0000313,Jeff Bridges,1949,NULL
nm0000194,Julianne Moore,1960,NULL
nm0177504,Tricia Cooke,1965,NULL
nm0526456,P.A. Lundgren,1911,2002
nm0252345,Bengt Ekerot,1920,1971
nm0691555,Nils Poppe,1908,2000
nm0252321,Allan Ekelund,1918,2009
nm0635059,Erik Nordgren,1913,1992
nm0005705,Gunnar Fischer,1910,2011
nm0906307,Lennart Wallén,1914,1967
nm0803705,Victor Sjöström,1879,1960
nm0862026,Ingrid Thulin,1926,2004
nm0741013,Oscar Rosander,1901,1971
nm0349023,Gittan Gustafsson,1924,2003
nm0077086,Leonard Bernstein,1918,1990
nm0001500,Karl Malden,1912,2009
nm0001768,Rod Steiger,1925,2002
nm0001415,Elia Kazan,1909,2003
nm0775977,Budd Schulberg,1914,2009
nm0425711,Malcolm Johnson,1904,1976
nm0802563,Robert Siodmak,1900,1973
nm0345991,Andrea Guerra,1961,NULL
nm0000332,Don Cheadle,1964,NULL
nm0645683,Sophie Okonedo,1968,NULL
nm1796730,Xolani Mali,NULL,NULL
nm0669311,Keir Pearson,NULL,NULL
nm0457715,A. Kitman Ho,1950,NULL
nm2148374,Afro Celt Sound System,NULL,NULL
nm0340003,Rupert Gregson-Williams,1967,NULL
nm0004951,Brad Garrett,1960,NULL
nm0738918,Lou Romano,1972,NULL
nm0652663,Patton Oswalt,1969,NULL
nm0000453,Ian Holm,1931,2020
nm0684342,Jan Pinkava,1963,NULL
nm0135296,Jim Capobianco,1969,NULL
nm1486235,Emily Cook,NULL,NULL
nm1271884,Kathy Greenberg,NULL,NULL
nm0322204,Baptiste Glaymann,NULL,NULL
nm0000365,Julie Delpy,1969,NULL
nm0229943,Vernon Dobtcheff,1934,NULL
nm1195302,Louise Lemoine Torrès,NULL,NULL
nm0000500,Richard Linklater,1960,NULL
nm0471811,Kim Krizan,1961,NULL
nm0908323,Anne Walker-McBay,NULL,NULL
nm0199679,Lee Daniel,1962,NULL
nm0010471,Sandra Adair,1952,NULL
nm0529543,Jean-Pierre Léaud,1944,NULL
nm0753716,Albert Rémy,1915,1967
nm0561158,Claire Maurier,1929,NULL
nm0213948,Guy Decomble,1910,1964
nm0000076,François Truffaut,1932,1984
nm0610115,Marcel Moussy,1924,1995
nm0176036,Jean Constantin,1923,1997
nm0005684,Henri Decaë,1915,1987
nm0950391,Marie-Josèphe Yoyotte,1929,2017
nm0006217,Jack Nitzsche,1937,2000
nm0000696,Wil Wheaton,1972,NULL
nm0000203,River Phoenix,1970,1993
nm0000397,Corey Feldman,1971,NULL
nm0005278,Jerry O'Connell,1974,NULL
nm0001661,Rob Reiner,1947,NULL
nm0317279,Raynold Gideon,NULL,NULL
nm0262595,Bruce A. Evans,1946,NULL
nm0770650,Andrew Scheinman,1948,NULL
nm0067103,S.N. Behrman,1893,1973
nm0000032,Charlton Heston,1923,2008
nm0000963,Stephen Boyd,1931,1977
nm0361823,Haya Harareet,1931,2021
nm0908753,Lew Wallace,1827,1905
nm0876562,Karl Tunberg,1909,1992
nm0000683,Gore Vidal,1925,2012
nm1396406,Jong-yun No,NULL,NULL
nm1235292,Kim Sang-kyung,1972,NULL
nm1323287,Roe-ha Kim,1965,NULL
nm1138201,Jae-ho Song,1937,2020
nm1323286,Kwang-rim Kim,NULL,NULL
nm1646563,Sung-bo Shim,NULL,NULL
nm0149223,Seoung-Jae Cha,NULL,NULL
nm0453617,Moo-Ryoung Kim,NULL,NULL
nm0001702,Roy Scheider,1932,2008
nm0000377,Richard Dreyfuss,1947,NULL
nm0308882,Lorraine Gary,1937,NULL
nm0001940,Peter Benchley,1940,2006
nm0331956,Carl Gottlieb,1938,NULL
nm0113360,David Brown,1916,2010
nm0005573,Richard D. Zanuck,1934,2012
nm1813015,Kaki King,1979,NULL
nm0386472,Emile Hirsch,1985,NULL
nm0000681,Vince Vaughn,1970,NULL
nm0001416,Catherine Keener,1959,NULL
nm0001315,Marcia Gay Harden,1959,NULL
nm0000576,Sean Penn,1960,NULL
nm1040556,Jon Krakauer,1954,NULL
nm0688361,Bill Pohlad,NULL,NULL
nm0111649,Michael Brook,1952,NULL
nm0747941,Bruno Rubeo,1946,2011
nm0000221,Charlie Sheen,1965,NULL
nm0000297,Tom Berenger,1949,NULL
nm0000016,Georges Delerue,1925,1992
nm0800943,Claire Simpson,NULL,NULL
nm0006035,Alexandre Desplat,1961,NULL
nm0705356,Daniel Radcliffe,1989,NULL
nm0914612,Emma Watson,1990,NULL
nm0342488,Rupert Grint,1988,NULL
nm0002091,Michael Gambon,1940,NULL
nm0946734,David Yates,1963,NULL
nm0460141,Steve Kloves,1960,NULL
nm0746830,J.K. Rowling,1965,NULL
nm0057655,David Barron,1954,NULL
nm0382268,David Heyman,1961,NULL
nm1104057,Adam F. Goldberg,1976,NULL
nm0124930,Gerard Butler,1969,NULL
nm2395586,Christopher Mintz-Plasse,1989,NULL
nm0272401,Craig Ferguson,1962,NULL
nm0213450,Dean DeBlois,1970,NULL
nm0761498,Chris Sanders,1962,NULL
nm0204030,Will Davies,NULL,NULL
nm2441763,Cressida Cowell,NULL,NULL
nm0405190,Marc Hyman,NULL,NULL
nm0690720,Giuseppe Ponturo,NULL,NULL
nm0001993,Vincent Cassel,1966,NULL
nm0468003,Hubert Koundé,1970,NULL
nm0846548,Saïd Taghmaoui,1973,NULL
nm0315760,Abdel Ahmed Ghili,NULL,NULL
nm0744384,Christophe Rossignon,NULL,NULL
nm1125169,Assassin,NULL,NULL
nm0044545,Pierre Aïm,1959,NULL
nm0829054,Scott Stevenson,NULL,NULL
nm0000450,Philip Seymour Hoffman,1967,2014
nm0051509,Eric Bana,1968,NULL
nm0402032,Barry Humphries,1934,2023
nm0254178,Adam Elliot,1972,NULL
nm0177707,Melanie Coombs,1969,NULL
nm1244349,Dale Cornelius,NULL,NULL
nm2756662,Gerald Thompson,NULL,NULL
nm0614107,Bill Murphy,NULL,NULL
nm0398167,Niven Howie,NULL,NULL
nm0002076,Jason Flemyng,1966,NULL
nm0002077,Dexter Fletcher,1966,NULL
nm0602941,Nick Moran,1969,NULL
nm0400542,David A. Hughes,1960,NULL
nm0175722,Scott Conrad,NULL,NULL
nm0000230,Sylvester Stallone,1946,NULL
nm0001735,Talia Shire,1946,NULL
nm0949350,Burt Young,1940,NULL
nm0001835,Carl Weathers,1948,NULL
nm0000814,John G. Avildsen,1935,2017
nm0153590,Robert Chartoff,1933,2015
nm0006015,Bill Conti,1942,NULL
nm0185583,James Crabe,1931,1989
nm0248600,Andrea Eckert,1958,NULL
nm0702541,Hanno Pöschl,1949,NULL
nm0295947,Fred Frith,1949,NULL
nm0434222,Jan A.P. Kaczmarek,1953,NULL
nm0000152,Richard Gere,1949,NULL
nm0000260,Joan Allen,1956,NULL
nm0846480,Cary-Hiroyuki Tagawa,1950,NULL
nm2105255,Sarah Roemer,1984,NULL
nm0002120,Lasse Hallström,1946,NULL
nm2124742,Stephen P. Lindsey,NULL,NULL
nm0793881,Kaneto Shindô,1912,2012
nm0426440,Bill Johnson,NULL,NULL
nm2663731,Vicki Shigekuni Wong,NULL,NULL
nm0002075,Peter Finch,1916,1977
nm0154665,Paddy Chayefsky,1923,1981
nm0331907,Howard Gottfried,1923,2017
nm0492747,Elliot Lawrence,1925,2021
nm0000686,Christopher Walken,1943,NULL
nm0622288,Jeff Nathanson,1965,NULL
nm0007646,Frank Abagnale Jr.,1948,NULL
nm1127221,Stan Redding,NULL,NULL
nm0662748,Walter F. Parkes,1951,NULL
nm0606211,Mario Morra,1935,NULL
nm0352835,Brahim Hadjadj,NULL,NULL
nm0552483,Jean Martin,1922,2009
nm0754272,Yacef Saadi,1928,2021
nm0449197,Samia Kerbash,NULL,NULL
nm0690597,Gillo Pontecorvo,1919,2006
nm0758357,Franco Solinas,1927,1982
nm0616026,Antonio Musu,1916,1979
nm0309800,Marcello Gatti,1924,2013
nm0678911,John Peverall,1931,2009
nm0001030,John Cazale,1935,1978
nm0001698,John Savage,NULL,NULL
nm0001047,Michael Cimino,1939,2016
nm0913346,Deric Washburn,1937,NULL
nm0307311,Louis Garfinkle,1928,2005
nm0714793,Quinn K. Redeker,1936,2022
nm0828630,Michael Stevens,NULL,NULL
nm3057402,Bee Vang,1991,NULL
nm1542291,Christopher Carley,1978,NULL
nm3115704,Ahney Her,NULL,NULL
nm1010405,Nick Schenk,NULL,NULL
nm3164738,Dave Johannson,NULL,NULL
nm0314088,Bill Gerber,NULL,NULL
nm0520749,Robert Lorenz,NULL,NULL
nm0247762,Kyle Eastwood,1968,NULL
nm0006277,Lalo Schifrin,1932,NULL
nm0001421,George Kennedy,1925,2016
nm0001510,Strother Martin,1919,1980
nm0134201,J.D. Cannon,1922,2005
nm0742341,Stuart Rosenberg,1927,2007
nm0668914,Donn Pearce,1928,2017
nm0682757,Frank Pierson,1925,2012
nm0237543,Hal Dresner,1937,2023
nm0380670,Pembroke J. Herring,1930,2020
nm0000195,Bill Murray,1950,NULL
nm0000510,Andie MacDowell,1958,NULL
nm0254402,Chris Elliott,1960,NULL
nm0864997,Stephen Tobolowsky,1951,NULL
nm0000601,Harold Ramis,1944,2014
nm0748035,Danny Rubin,1957,NULL
nm0016603,Trevor Albert,NULL,NULL
nm0006070,George Fenton,1949,NULL
nm0007037,John Bailey,1942,NULL
nm0524796,Janet Lucroy,NULL,NULL
nm0005266,Craig T. Nelson,1944,NULL
nm0000456,Holly Hunter,1958,NULL
nm0005134,Jason Lee,1970,NULL
nm0907869,John Walker,1956,NULL
nm1285750,Andrew Jimenez,NULL,NULL
nm0510936,Patrick Lin,NULL,NULL
nm0236405,Julian Doyle,1942,NULL
nm0326364,John Goldstone,1943,NULL
nm0121431,Geoffrey Burgon,1941,2010
nm0556067,Chip Masamitsu,NULL,NULL
nm0000126,Kevin Costner,1955,NULL
nm0001521,Mary McDonnell,1952,NULL
nm0001295,Graham Greene,1952,NULL
nm0002110,Rodney A. Grant,1959,NULL
nm0086658,Michael Blake,1945,2015
nm0933604,Jim Wilson,NULL,NULL
nm0000290,John Barry,1933,2011
nm0005871,Dean Semler,1943,NULL
nm0398343,William Hoy,1955,NULL
nm0918334,Scott Weinger,1975,NULL
nm0488306,Linda Larkin,1970,NULL
nm0293455,Jonathan Freeman,1950,NULL
nm0166256,Ron Clements,1953,NULL
nm0615780,John Musker,1953,NULL
